test_id,test_no,vehicle_id,source_vehicle_no,impact_family,vehicle_role,quality_tier,MAKE,MODEL,YEAR,BODYD,VDI,vdi_usable,PDOF,LENCNT,DAMDST,CRHDST,DPD1,DPD2,DPD3,DPD4,DPD5,DPD6,C_profile_max_mm,C_mean_mm,C_rms_mm,A_crush_2d_mm2,C_peak_ratio,asymmetry,centroid_norm,L_norm,C_mean_norm,C_max_norm,A_crush_norm,D_offset_norm,AXBX_delta_summary,front_total_length_shortening,front_structural_delta_median,front_left_right_bumper_asymmetry,rear_total_length_shortening,speed_kph,speed_source,speed_mps,KE_proxy,VEHTWT,CURBWT,VEHLEN,VEHWID,WHLBAS,VEHCG,closingSpeed,vehicleSpeed,impactAngle,offsetDistance,IMPPNT,CRBANG,CARANG,VEHOR,BMPENGD,SILENGD,APLENGD,testConfigurationKey
496,7939,597,1,rear,subject_vehicle,A_ProfileValid,OTHER,HYDROGEN FCV PROTOTYPE,0,UTILITY VEHICLE,06BDEW2,1,180.0,1403.0,0.0,273.0,212.0,268.0,271.0,273.0,272.0,212.0,273.0,259.2,260.27754417160156,363657.6,1.0532407407407407,0.0042438271604938755,,,0.06012526096033403,0.06332637439109255,,,"{""a_pillar_base_asym_delta"": -11.0, ""delta_1"": 272.0, ""delta_10"": 5.0, ""delta_11"": -4.0, ""delta_12"": 8.0, ""delta_13"": -3.0, ""delta_14"": 0.0, ""delta_15"": 0.0, ""delta_16"": 3.0, ""delta_17"": 6.0, ""delta_18"": 4.0, ""delta_19"": 0.0, ""delta_2"": 0.0, ""delta_20"": 0.0, ""delta_21"": 0.0, ""delta_3"": null, ""delta_4"": 10.0, ""delta_5"": 0.0, ""delta_6"": 2.0, ""delta_7"": -3.0, ""delta_8"": 10.0, ""delta_9"": 2.0, ""door_leading_lower_asym_delta"": -5.0, ""door_leading_upper_asym_delta"": -10.0, ""door_trailing_lower_asym_delta"": -9.0, ""door_trailing_upper_asym_delta"": -8.0, ""firewall_side_asym_delta"": 0.0, ""front_bumper_left_delta"": 0.0, ""front_bumper_right_delta"": 0.0, ""front_engine_block_delta"": 0.0, ""front_engine_front_delta"": 0.0, ""front_firewall_center_delta"": null, ""front_firewall_left_delta"": 0.0, ""front_firewall_right_delta"": 0.0, ""front_left_right_asym_delta"": 0.0, ""front_left_right_bumper_asymmetry"": 0.0, ""front_structural_delta"": 0.0, ""front_structural_delta_median"": 0.0, ""front_total_length_shortening"": 272.0, ""rear_total_length_shortening"": 272.0, ""total_length_shortening"": 272.0}",272.0,0.0,0.0,272.0,48.0,closingSpeed,13.333333333333332,183555.55555555553,2065.0,,4311.0,0.0,0.0,0.0,48.0,0.0,180.0,0.0,0.0,0.0,0.0,0.0,NOT APPLICABLE,NOT APPLICABLE,NOT APPLICABLE,ITV
1157,8547,1366,1,rear,subject_vehicle,X_Exclude,PLYMOUTH,NEON,1997,FOUR DOOR SEDAN,,0,0.0,0.0,0.0,0.0,0.0,0.0,0.0,0.0,0.0,0.0,0.0,0.0,0.0,,,,,0.0,0.0,0.0,,0.0,"{""a_pillar_base_asym_delta"": 0.0, ""delta_1"": 0.0, ""delta_10"": 0.0, ""delta_11"": 0.0, ""delta_12"": 0.0, ""delta_13"": 0.0, ""delta_14"": 0.0, ""delta_15"": 0.0, ""delta_16"": 0.0, ""delta_17"": 0.0, ""delta_18"": 0.0, ""delta_19"": 0.0, ""delta_2"": 0.0, ""delta_20"": 0.0, ""delta_21"": 0.0, ""delta_3"": null, ""delta_4"": 0.0, ""delta_5"": 0.0, ""delta_6"": 0.0, ""delta_7"": 0.0, ""delta_8"": 0.0, ""delta_9"": 0.0, ""door_leading_lower_asym_delta"": 0.0, ""door_leading_upper_asym_delta"": 0.0, ""door_trailing_lower_asym_delta"": 0.0, ""door_trailing_upper_asym_delta"": 0.0, ""firewall_side_asym_delta"": 0.0, ""front_bumper_left_delta"": 0.0, ""front_bumper_right_delta"": 0.0, ""front_engine_block_delta"": 0.0, ""front_engine_front_delta"": 0.0, ""front_firewall_center_delta"": null, ""front_firewall_left_delta"": 0.0, ""front_firewall_right_delta"": 0.0, ""front_left_right_asym_delta"": 0.0, ""front_left_right_bumper_asymmetry"": 0.0, ""front_structural_delta"": 0.0, ""front_structural_delta_median"": 0.0, ""front_total_length_shortening"": 0.0, ""rear_total_length_shortening"": 0.0, ""total_length_shortening"": 0.0}",0.0,0.0,0.0,0.0,64.51,closingSpeed,17.919444444444444,204705.38686342593,1275.0,,4380.0,1700.0,2640.0,0.0,64.51,64.51,180.0,0.0,0.0,0.0,0.0,0.0,DIRECT ENGAGEMENT,NO DIRECT ENGAGEMENT,NO DIRECT ENGAGEMENT,VTV
1157,8547,1367,2,rear,subject_vehicle,X_Exclude,JEEP,LIBERTY,2004,UTILITY VEHICLE,,0,0.0,0.0,0.0,0.0,0.0,0.0,0.0,0.0,0.0,0.0,0.0,0.0,0.0,,,,,0.0,0.0,0.0,,0.0,"{""a_pillar_base_asym_delta"": 0.0, ""delta_1"": 0.0, ""delta_10"": 0.0, ""delta_11"": 0.0, ""delta_12"": 0.0, ""delta_13"": 0.0, ""delta_14"": 0.0, ""delta_15"": 0.0, ""delta_16"": 0.0, ""delta_17"": 0.0, ""delta_18"": 0.0, ""delta_19"": 0.0, ""delta_2"": 0.0, ""delta_20"": 0.0, ""delta_21"": 0.0, ""delta_3"": null, ""delta_4"": 0.0, ""delta_5"": 0.0, ""delta_6"": 0.0, ""delta_7"": 0.0, ""delta_8"": 0.0, ""delta_9"": 0.0, ""door_leading_lower_asym_delta"": 0.0, ""door_leading_upper_asym_delta"": 0.0, ""door_trailing_lower_asym_delta"": 0.0, ""door_trailing_upper_asym_delta"": 0.0, ""firewall_side_asym_delta"": 0.0, ""front_bumper_left_delta"": 0.0, ""front_bumper_right_delta"": 0.0, ""front_engine_block_delta"": 0.0, ""front_engine_front_delta"": 0.0, ""front_firewall_center_delta"": null, ""front_firewall_left_delta"": 0.0, ""front_firewall_right_delta"": 0.0, ""front_left_right_asym_delta"": 0.0, ""front_left_right_bumper_asymmetry"": 0.0, ""front_structural_delta"": 0.0, ""front_structural_delta_median"": 0.0, ""front_total_length_shortening"": 0.0, ""rear_total_length_shortening"": 0.0, ""total_length_shortening"": 0.0}",0.0,0.0,0.0,0.0,64.51,closingSpeed,17.919444444444444,311954.9542554013,1943.0,,4210.0,1815.0,2640.0,0.0,64.51,0.0,180.0,0.0,0.0,0.0,0.0,0.0,NOT APPLICABLE,NO DIRECT ENGAGEMENT,DIRECT ENGAGEMENT,VTV
1161,8548,1372,1,rear,subject_vehicle,X_Exclude,PLYMOUTH,NEON,1997,FOUR DOOR SEDAN,,0,0.0,1524.0,0.0,0.0,0.0,0.0,0.0,0.0,0.0,0.0,0.0,0.0,0.0,0.0,,,,0.8959435626102292,0.0,0.0,0.0,0.0,"{""a_pillar_base_asym_delta"": -5.0, ""delta_1"": 4373.0, ""delta_10"": -2.0, ""delta_11"": 0.0, ""delta_12"": 3.0, ""delta_13"": -2.0, ""delta_14"": 3.0, ""delta_15"": 3.0, ""delta_16"": 22.0, ""delta_17"": -1.0, ""delta_18"": 0.0, ""delta_19"": 4164.0, ""delta_2"": 3953.0, ""delta_20"": 4145.0, ""delta_21"": 0.0, ""delta_3"": null, ""delta_4"": -1.0, ""delta_5"": 2.0, ""delta_6"": 0.0, ""delta_7"": 0.0, ""delta_8"": 200.0, ""delta_9"": -1.0, ""door_leading_lower_asym_delta"": 0.0, ""door_leading_upper_asym_delta"": 3.0, ""door_trailing_lower_asym_delta"": 2.0, ""door_trailing_upper_asym_delta"": -201.0, ""firewall_side_asym_delta"": 0.0, ""front_bumper_left_delta"": 4145.0, ""front_bumper_right_delta"": 4164.0, ""front_engine_block_delta"": 0.0, ""front_engine_front_delta"": 3953.0, ""front_firewall_center_delta"": null, ""front_firewall_left_delta"": 3.0, ""front_firewall_right_delta"": 3.0, ""front_left_right_asym_delta"": -19.0, ""front_left_right_bumper_asymmetry"": -19.0, ""front_structural_delta"": 3953.0, ""front_structural_delta_median"": 3953.0, ""front_total_length_shortening"": 4373.0, ""rear_total_length_shortening"": 4373.0, ""total_length_shortening"": 4373.0}",4373.0,3953.0,-19.0,4373.0,64.66,closingSpeed,17.96111111111111,205658.4641203703,1275.0,,4373.0,1701.0,2630.0,1042.0,64.66,64.66,180.0,0.0,0.0,0.0,0.0,0.0,DIRECT ENGAGEMENT,NO DIRECT ENGAGEMENT,NO DIRECT ENGAGEMENT,VTV
1161,8548,1373,2,rear,subject_vehicle,A_ProfileValid,JEEP,LIBERTY,2004,UTILITY VEHICLE,06BDEW2,1,180.0,1524.0,0.0,120.0,-21.0,20.0,70.0,120.0,10.0,0.0,120.0,41.900000000000006,63.27795824771846,63855.600000000006,2.8639618138424816,0.18138424821002389,0.05795588659550471,0.8373626373626374,0.009950130610306342,0.02849679411066255,0.008331867609948827,0.0,"{""a_pillar_base_asym_delta"": 1.0, ""delta_1"": 111.0, ""delta_10"": -3.0, ""delta_11"": -6.0, ""delta_12"": -3.0, ""delta_13"": -2.0, ""delta_14"": -4.0, ""delta_15"": -5.0, ""delta_16"": -9.0, ""delta_17"": 0.0, ""delta_18"": 0.0, ""delta_19"": 0.0, ""delta_2"": -5.0, ""delta_20"": -21.0, ""delta_21"": 0.0, ""delta_3"": null, ""delta_4"": -5.0, ""delta_5"": -4.0, ""delta_6"": -5.0, ""delta_7"": -6.0, ""delta_8"": -6.0, ""delta_9"": -5.0, ""door_leading_lower_asym_delta"": -1.0, ""door_leading_upper_asym_delta"": 1.0, ""door_trailing_lower_asym_delta"": -3.0, ""door_trailing_upper_asym_delta"": 1.0, ""firewall_side_asym_delta"": -1.0, ""front_bumper_left_delta"": -21.0, ""front_bumper_right_delta"": 0.0, ""front_engine_block_delta"": 0.0, ""front_engine_front_delta"": -5.0, ""front_firewall_center_delta"": null, ""front_firewall_left_delta"": -5.0, ""front_firewall_right_delta"": -4.0, ""front_left_right_asym_delta"": -21.0, ""front_left_right_bumper_asymmetry"": -21.0, ""front_structural_delta"": -5.0, ""front_structural_delta_median"": -5.0, ""front_total_length_shortening"": 111.0, ""rear_total_length_shortening"": 111.0, ""total_length_shortening"": 111.0}",111.0,-5.0,-21.0,111.0,64.66,closingSpeed,17.96111111111111,316149.4820987654,1960.0,,4211.0,1820.0,2640.0,1233.0,64.66,0.0,180.0,0.0,0.0,0.0,0.0,0.0,DIRECT ENGAGEMENT,NO DIRECT ENGAGEMENT,NO DIRECT ENGAGEMENT,VTV
1171,8549,1385,1,rear,subject_vehicle,B_ProfilePartial,CADILLAC,DE VILLE,1993,FOUR DOOR SEDAN,12FDEW3,1,0.0,1524.0,0.0,85.0,-20.0,7.0,70.0,85.0,58.0,83.0,85.0,50.3,61.9394865978077,76657.2,1.6898608349900597,0.452286282306163,0.2772449175912268,0.8193548387096774,0.009673076923076923,0.016346153846153847,0.007925682382133994,0.0,"{""a_pillar_base_asym_delta"": -2.0, ""delta_1"": 70.0, ""delta_10"": -5.0, ""delta_11"": -10.0, ""delta_12"": 0.0, ""delta_13"": -2.0, ""delta_14"": 13.0, ""delta_15"": 7.0, ""delta_16"": 9.0, ""delta_17"": -9.0, ""delta_18"": 16.0, ""delta_19"": 83.0, ""delta_2"": 68.0, ""delta_20"": -20.0, ""delta_21"": 0.0, ""delta_3"": null, ""delta_4"": 2.0, ""delta_5"": -6.0, ""delta_6"": -8.0, ""delta_7"": -8.0, ""delta_8"": -2.0, ""delta_9"": 2.0, ""door_leading_lower_asym_delta"": 0.0, ""door_leading_upper_asym_delta"": -8.0, ""door_trailing_lower_asym_delta"": -5.0, ""door_trailing_upper_asym_delta"": 4.0, ""firewall_side_asym_delta"": -6.0, ""front_bumper_left_delta"": -20.0, ""front_bumper_right_delta"": 83.0, ""front_engine_block_delta"": 0.0, ""front_engine_front_delta"": 68.0, ""front_firewall_center_delta"": null, ""front_firewall_left_delta"": 7.0, ""front_firewall_right_delta"": 13.0, ""front_left_right_asym_delta"": -103.0, ""front_left_right_bumper_asymmetry"": -103.0, ""front_structural_delta"": 13.0, ""front_structural_delta_median"": 13.0, ""front_total_length_shortening"": 70.0, ""rear_total_length_shortening"": 70.0, ""total_length_shortening"": 70.0}",70.0,13.0,-103.0,70.0,56.58,closingSpeed,15.716666666666665,214654.8280555555,1738.0,,5200.0,1860.0,2885.0,0.0,56.58,56.58,180.0,0.0,0.0,0.0,0.0,0.0,DIRECT ENGAGEMENT,NO DIRECT ENGAGEMENT,NO DIRECT ENGAGEMENT,VTV
1171,8549,1386,2,rear,subject_vehicle,B_ProfilePartial,JEEP,CHEROKEE LAREDO,1998,UTILITY VEHICLE,06RDEW3,1,0.0,1524.0,0.0,425.0,385.0,425.0,386.0,340.0,270.0,193.0,425.0,342.0,349.53054229923885,521208.0,1.2426900584795322,-0.16695906432748542,-0.09802519617578909,0.8457269700332963,0.08238978559383281,0.10238496747771621,0.06967926373196515,0.0,"{""a_pillar_base_asym_delta"": -20.0, ""delta_1"": 376.0, ""delta_10"": 20.0, ""delta_11"": -2.0, ""delta_12"": 0.0, ""delta_13"": -20.0, ""delta_14"": 0.0, ""delta_15"": -9.0, ""delta_16"": 10.0, ""delta_17"": 11.0, ""delta_18"": -20.0, ""delta_19"": 193.0, ""delta_2"": -10.0, ""delta_20"": 385.0, ""delta_21"": 0.0, ""delta_3"": null, ""delta_4"": -5.0, ""delta_5"": -10.0, ""delta_6"": 17.0, ""delta_7"": -6.0, ""delta_8"": -5.0, ""delta_9"": -10.0, ""door_leading_lower_asym_delta"": -23.0, ""door_leading_upper_asym_delta"": -5.0, ""door_trailing_lower_asym_delta"": -22.0, ""door_trailing_upper_asym_delta"": -5.0, ""firewall_side_asym_delta"": -9.0, ""front_bumper_left_delta"": 385.0, ""front_bumper_right_delta"": 193.0, ""front_engine_block_delta"": 0.0, ""front_engine_front_delta"": -10.0, ""front_firewall_center_delta"": null, ""front_firewall_left_delta"": -9.0, ""front_firewall_right_delta"": 0.0, ""front_left_right_asym_delta"": 192.0, ""front_left_right_bumper_asymmetry"": 192.0, ""front_structural_delta"": 0.0, ""front_structural_delta_median"": 0.0, ""front_total_length_shortening"": 376.0, ""rear_total_length_shortening"": 376.0, ""total_length_shortening"": 376.0}",376.0,0.0,192.0,376.0,56.58,closingSpeed,15.716666666666665,229722.65833333327,1860.0,,4151.0,1802.0,2685.0,0.0,56.58,0.0,180.0,0.0,0.0,0.0,0.0,0.0,DIRECT ENGAGEMENT,NO DIRECT ENGAGEMENT,NO DIRECT ENGAGEMENT,VTV
1185,8550,1401,1,rear,subject_vehicle,B_ProfilePartial,CADILLAC,DE VILLE,1993,FOUR DOOR SEDAN,12FDEW2,1,0.0,1524.0,0.0,55.0,12.0,55.0,40.0,30.0,50.0,29.0,55.0,39.1,41.27347816697788,59588.4,1.4066496163682864,-0.020460358056265993,0.014590314154027118,0.8149732620320855,0.007507680491551459,0.010560675883256529,0.006118558860494345,0.0,"{""a_pillar_base_asym_delta"": -8.0, ""delta_1"": 40.0, ""delta_10"": 0.0, ""delta_11"": -6.0, ""delta_12"": -2.0, ""delta_13"": -10.0, ""delta_14"": 409.0, ""delta_15"": 0.0, ""delta_16"": 6.0, ""delta_17"": 0.0, ""delta_18"": -45.0, ""delta_19"": 29.0, ""delta_2"": 69.0, ""delta_20"": 12.0, ""delta_21"": 0.0, ""delta_3"": null, ""delta_4"": 0.0, ""delta_5"": 0.0, ""delta_6"": 0.0, ""delta_7"": -8.0, ""delta_8"": 0.0, ""delta_9"": 5.0, ""door_leading_lower_asym_delta"": -8.0, ""door_leading_upper_asym_delta"": 0.0, ""door_trailing_lower_asym_delta"": -6.0, ""door_trailing_upper_asym_delta"": 5.0, ""firewall_side_asym_delta"": -409.0, ""front_bumper_left_delta"": 12.0, ""front_bumper_right_delta"": 29.0, ""front_engine_block_delta"": 0.0, ""front_engine_front_delta"": 69.0, ""front_firewall_center_delta"": null, ""front_firewall_left_delta"": 0.0, ""front_firewall_right_delta"": 409.0, ""front_left_right_asym_delta"": -17.0, ""front_left_right_bumper_asymmetry"": -17.0, ""front_structural_delta"": 29.0, ""front_structural_delta_median"": 29.0, ""front_total_length_shortening"": 40.0, ""rear_total_length_shortening"": 40.0, ""total_length_shortening"": 40.0}",40.0,29.0,-17.0,40.0,56.34,closingSpeed,15.65,215531.80000000002,1760.0,,5208.0,1870.0,2900.0,0.0,56.34,56.34,180.0,0.0,0.0,0.0,0.0,0.0,DIRECT ENGAGEMENT,NO DIRECT ENGAGEMENT,NO DIRECT ENGAGEMENT,VTV
1185,8550,1402,2,rear,subject_vehicle,A_ProfileValid,JEEP,CHEROKEE LAREDO,1996,UTILITY VEHICLE,06RDEW3,1,180.0,1524.0,0.0,527.0,527.0,513.0,457.0,421.0,369.0,230.0,527.0,427.69999999999993,436.05836765277195,651814.7999999999,1.2321720832359133,-0.1494037877016599,-0.0958512976385317,0.8466666666666667,0.0955754189944134,0.11776536312849162,0.08092052141527001,0.0,"{""a_pillar_base_asym_delta"": -4.0, ""delta_1"": 444.0, ""delta_10"": 9.0, ""delta_11"": 8.0, ""delta_12"": -20.0, ""delta_13"": -24.0, ""delta_14"": -20.0, ""delta_15"": -20.0, ""delta_16"": -65.0, ""delta_17"": -12.0, ""delta_18"": -50.0, ""delta_19"": 230.0, ""delta_2"": -12.0, ""delta_20"": 527.0, ""delta_21"": 0.0, ""delta_3"": null, ""delta_4"": -6.0, ""delta_5"": -15.0, ""delta_6"": 8.0, ""delta_7"": 11.0, ""delta_8"": -13.0, ""delta_9"": -17.0, ""door_leading_lower_asym_delta"": 3.0, ""door_leading_upper_asym_delta"": -9.0, ""door_trailing_lower_asym_delta"": -1.0, ""door_trailing_upper_asym_delta"": -4.0, ""firewall_side_asym_delta"": 0.0, ""front_bumper_left_delta"": 527.0, ""front_bumper_right_delta"": 230.0, ""front_engine_block_delta"": 0.0, ""front_engine_front_delta"": -12.0, ""front_firewall_center_delta"": null, ""front_firewall_left_delta"": -20.0, ""front_firewall_right_delta"": -20.0, ""front_left_right_asym_delta"": 297.0, ""front_left_right_bumper_asymmetry"": 297.0, ""front_structural_delta"": -12.0, ""front_structural_delta_median"": -12.0, ""front_total_length_shortening"": 444.0, ""rear_total_length_shortening"": 444.0, ""total_length_shortening"": 444.0}",444.0,-12.0,297.0,444.0,56.34,closingSpeed,15.65,224104.0875,1830.0,,4475.0,1800.0,2690.0,0.0,56.34,0.0,180.0,0.0,0.0,0.0,0.0,0.0,DIRECT ENGAGEMENT,NO DIRECT ENGAGEMENT,NO DIRECT ENGAGEMENT,VTV
1210,8551,1436,1,rear,subject_vehicle,B_ProfilePartial,CADILLAC,DE VILLE,1993,FOUR DOOR SEDAN,12FDEW2,1,0.0,1524.0,0.0,41.0,-12.0,37.0,35.0,35.0,3.0,0.0,37.0,20.8,27.928480087537885,31699.2,1.971153846153846,-0.26923076923076916,-0.11314497834605072,0.8171581769436997,0.003996925441967717,0.007878554957724828,0.003266120307538231,0.0,"{""a_pillar_base_asym_delta"": -2.0, ""delta_1"": 41.0, ""delta_10"": -1.0, ""delta_11"": -11.0, ""delta_12"": 21.0, ""delta_13"": 19.0, ""delta_14"": 1.0, ""delta_15"": -2.0, ""delta_16"": -10.0, ""delta_17"": 17.0, ""delta_18"": -20.0, ""delta_19"": 0.0, ""delta_2"": 122.0, ""delta_20"": -12.0, ""delta_21"": 0.0, ""delta_3"": null, ""delta_4"": 398.0, ""delta_5"": 1.0, ""delta_6"": -4.0, ""delta_7"": -10.0, ""delta_8"": 101.0, ""delta_9"": -1.0, ""door_leading_lower_asym_delta"": -6.0, ""door_leading_upper_asym_delta"": -397.0, ""door_trailing_lower_asym_delta"": -10.0, ""door_trailing_upper_asym_delta"": -102.0, ""firewall_side_asym_delta"": -3.0, ""front_bumper_left_delta"": -12.0, ""front_bumper_right_delta"": 0.0, ""front_engine_block_delta"": 0.0, ""front_engine_front_delta"": 122.0, ""front_firewall_center_delta"": null, ""front_firewall_left_delta"": -2.0, ""front_firewall_right_delta"": 1.0, ""front_left_right_asym_delta"": -12.0, ""front_left_right_bumper_asymmetry"": -12.0, ""front_structural_delta"": 0.0, ""front_structural_delta_median"": 0.0, ""front_total_length_shortening"": 41.0, ""rear_total_length_shortening"": 41.0, ""total_length_shortening"": 41.0}",41.0,0.0,-12.0,41.0,56.59,closingSpeed,15.719444444444445,218807.87673996913,1771.0,,5204.0,1865.0,2885.0,0.0,56.59,56.59,180.0,0.0,0.0,0.0,0.0,0.0,DIRECT ENGAGEMENT,NO DIRECT ENGAGEMENT,NO DIRECT ENGAGEMENT,VTV
1210,8551,1437,2,rear,subject_vehicle,A_ProfileValid,JEEP,GRAND CHEROKEE,1996,UTILITY VEHICLE,06BDEW3,1,180.0,1524.0,0.0,364.0,227.0,317.0,329.0,329.0,327.0,71.0,329.0,290.2,300.72745135753735,442264.8,1.2543073742246726,-0.046864231564438315,-0.04212943143620096,0.849025069637883,0.0651549169286035,0.08172429277054333,0.05531815788255807,0.0,"{""a_pillar_base_asym_delta"": 1.0, ""delta_1"": 364.0, ""delta_10"": 2.0, ""delta_11"": 10.0, ""delta_12"": -16.0, ""delta_13"": -15.0, ""delta_14"": -11.0, ""delta_15"": -11.0, ""delta_16"": -11.0, ""delta_17"": 15.0, ""delta_18"": -5.0, ""delta_19"": 71.0, ""delta_2"": -11.0, ""delta_20"": 227.0, ""delta_21"": 0.0, ""delta_3"": null, ""delta_4"": -16.0, ""delta_5"": -6.0, ""delta_6"": -12.0, ""delta_7"": 5.0, ""delta_8"": -14.0, ""delta_9"": -8.0, ""door_leading_lower_asym_delta"": 17.0, ""door_leading_upper_asym_delta"": 10.0, ""door_trailing_lower_asym_delta"": 8.0, ""door_trailing_upper_asym_delta"": 6.0, ""firewall_side_asym_delta"": 0.0, ""front_bumper_left_delta"": 227.0, ""front_bumper_right_delta"": 71.0, ""front_engine_block_delta"": 0.0, ""front_engine_front_delta"": -11.0, ""front_firewall_center_delta"": null, ""front_firewall_left_delta"": -11.0, ""front_firewall_right_delta"": -11.0, ""front_left_right_asym_delta"": 156.0, ""front_left_right_bumper_asymmetry"": 156.0, ""front_structural_delta"": -11.0, ""front_structural_delta_median"": -11.0, ""front_total_length_shortening"": 364.0, ""rear_total_length_shortening"": 364.0, ""total_length_shortening"": 364.0}",364.0,-11.0,156.0,364.0,56.59,closingSpeed,15.719444444444445,238946.60283179014,1934.0,,4454.0,1795.0,2690.0,0.0,56.59,0.0,180.0,0.0,0.0,0.0,0.0,0.0,DIRECT ENGAGEMENT,NO DIRECT ENGAGEMENT,NO DIRECT ENGAGEMENT,VTV
1218,8552,1448,1,rear,subject_vehicle,B_ProfilePartial,CADILLAC,DE VILLE,1993,FOUR DOOR SEDAN,12FDEW2,1,0.0,1524.0,0.0,89.0,-28.0,16.0,30.0,83.0,75.0,89.0,89.0,46.89999999999999,60.037488288568504,71475.59999999999,1.8976545842217487,0.6705756929637526,0.3645403074345319,0.8180354267310789,0.009031388407471594,0.01713845561332563,0.007387995669880146,0.0,"{""a_pillar_base_asym_delta"": 0.0, ""delta_1"": 41.0, ""delta_10"": -1.0, ""delta_11"": 1.0, ""delta_12"": 5.0, ""delta_13"": 5.0, ""delta_14"": 12.0, ""delta_15"": -21.0, ""delta_16"": 2.0, ""delta_17"": 45.0, ""delta_18"": 0.0, ""delta_19"": 89.0, ""delta_2"": 108.0, ""delta_20"": -28.0, ""delta_21"": 0.0, ""delta_3"": null, ""delta_4"": 2.0, ""delta_5"": 1.0, ""delta_6"": -2.0, ""delta_7"": 2.0, ""delta_8"": -1.0, ""delta_9"": 2.0, ""door_leading_lower_asym_delta"": 4.0, ""door_leading_upper_asym_delta"": -1.0, ""door_trailing_lower_asym_delta"": 2.0, ""door_trailing_upper_asym_delta"": 3.0, ""firewall_side_asym_delta"": -33.0, ""front_bumper_left_delta"": -28.0, ""front_bumper_right_delta"": 89.0, ""front_engine_block_delta"": 0.0, ""front_engine_front_delta"": 108.0, ""front_firewall_center_delta"": null, ""front_firewall_left_delta"": -21.0, ""front_firewall_right_delta"": 12.0, ""front_left_right_asym_delta"": -117.0, ""front_left_right_bumper_asymmetry"": -117.0, ""front_structural_delta"": 12.0, ""front_structural_delta_median"": 12.0, ""front_total_length_shortening"": 41.0, ""rear_total_length_shortening"": 41.0, ""total_length_shortening"": 41.0}",41.0,12.0,-117.0,41.0,56.39,closingSpeed,15.663888888888888,216037.20401620367,1761.0,,5193.0,1863.0,2883.0,0.0,56.39,56.39,180.0,0.0,0.0,0.0,0.0,0.0,DIRECT ENGAGEMENT,NO DIRECT ENGAGEMENT,NO DIRECT ENGAGEMENT,VTV
1218,8552,1449,2,rear,subject_vehicle,A_ProfileValid,JEEP,CHEROKEE LAREDO,1996,UTILITY VEHICLE,06BDEW3,1,180.0,1524.0,0.0,295.0,120.0,195.0,227.0,255.0,295.0,290.0,295.0,235.39999999999998,241.1862350964499,358749.6,1.2531860662701786,0.17502124044180126,0.10773452498861702,0.8419889502762431,0.15446194225721782,0.19356955380577429,0.13005524861878454,0.0,"{""a_pillar_base_asym_delta"": -8.0, ""delta_1"": 250.0, ""delta_10"": 12.0, ""delta_11"": 19.0, ""delta_12"": -20.0, ""delta_13"": -28.0, ""delta_14"": 12.0, ""delta_15"": 10.0, ""delta_16"": 840.0, ""delta_17"": -2.0, ""delta_18"": -5.0, ""delta_19"": 290.0, ""delta_2"": -2.0, ""delta_20"": 120.0, ""delta_21"": 0.0, ""delta_3"": null, ""delta_4"": -2.0, ""delta_5"": -1000.0, ""delta_6"": 10.0, ""delta_7"": 18.0, ""delta_8"": -1.0, ""delta_9"": -3.0, ""door_leading_lower_asym_delta"": 8.0, ""door_leading_upper_asym_delta"": -998.0, ""door_trailing_lower_asym_delta"": 7.0, ""door_trailing_upper_asym_delta"": -2.0, ""firewall_side_asym_delta"": -2.0, ""front_bumper_left_delta"": 120.0, ""front_bumper_right_delta"": 290.0, ""front_engine_block_delta"": 0.0, ""front_engine_front_delta"": -2.0, ""front_firewall_center_delta"": null, ""front_firewall_left_delta"": 10.0, ""front_firewall_right_delta"": 12.0, ""front_left_right_asym_delta"": -170.0, ""front_left_right_bumper_asymmetry"": -170.0, ""front_structural_delta"": 12.0, ""front_structural_delta_median"": 12.0, ""front_total_length_shortening"": 250.0, ""rear_total_length_shortening"": 250.0, ""total_length_shortening"": 250.0}",250.0,12.0,-170.0,250.0,56.39,closingSpeed,15.663888888888888,227200.96640432096,1852.0,,1524.0,1810.0,2690.0,0.0,56.39,0.0,180.0,0.0,0.0,0.0,0.0,0.0,DIRECT ENGAGEMENT,NO DIRECT ENGAGEMENT,NO DIRECT ENGAGEMENT,VTV
1221,8554,1452,1,rear,subject_vehicle,B_ProfilePartial,CADILLAC,DE VILLE,1993,FOUR DOOR SEDAN,12FDEW2,1,0.0,1524.0,0.0,225.0,-36.0,33.0,97.0,160.0,213.0,225.0,225.0,119.5,146.57933005714006,182118.0,1.8828451882845187,0.598744769874477,0.34433472803347276,0.8193548387096774,0.02300288739172281,0.04331087584215592,0.018847527088701917,0.0,"{""a_pillar_base_asym_delta"": -10.0, ""delta_1"": 152.0, ""delta_10"": 5.0, ""delta_11"": -3.0, ""delta_12"": 10.0, ""delta_13"": 0.0, ""delta_14"": 49.0, ""delta_15"": -11.0, ""delta_16"": 4.0, ""delta_17"": -5.0, ""delta_18"": -5.0, ""delta_19"": 225.0, ""delta_2"": 47.0, ""delta_20"": -36.0, ""delta_21"": 0.0, ""delta_3"": null, ""delta_4"": 2.0, ""delta_5"": 0.0, ""delta_6"": 1.0, ""delta_7"": -5.0, ""delta_8"": 0.0, ""delta_9"": 0.0, ""door_leading_lower_asym_delta"": -6.0, ""door_leading_upper_asym_delta"": -2.0, ""door_trailing_lower_asym_delta"": -8.0, ""door_trailing_upper_asym_delta"": 0.0, ""firewall_side_asym_delta"": -60.0, ""front_bumper_left_delta"": -36.0, ""front_bumper_right_delta"": 225.0, ""front_engine_block_delta"": 0.0, ""front_engine_front_delta"": 47.0, ""front_firewall_center_delta"": null, ""front_firewall_left_delta"": -11.0, ""front_firewall_right_delta"": 49.0, ""front_left_right_asym_delta"": -261.0, ""front_left_right_bumper_asymmetry"": -261.0, ""front_structural_delta"": 47.0, ""front_structural_delta_median"": 47.0, ""front_total_length_shortening"": 152.0, ""rear_total_length_shortening"": 152.0, ""total_length_shortening"": 152.0}",152.0,47.0,-261.0,152.0,55.67,closingSpeed,15.463888888888889,208283.84968364195,1742.0,,5195.0,1860.0,2885.0,1134.0,55.67,56.67,180.0,0.0,0.0,0.0,0.0,0.0,DIRECT ENGAGEMENT,NO DIRECT ENGAGEMENT,NO DIRECT ENGAGEMENT,VTV
1221,8554,1453,2,rear,subject_vehicle,A_ProfileValid,JEEP,GRAND CHEROKEE,1996,UTILITY VEHICLE,06BDEW3,1,180.0,1524.0,0.0,378.0,358.0,378.0,313.0,273.0,253.0,201.0,378.0,299.3,304.52372649762447,456133.2,1.262946876044103,-0.15603073838957565,-0.09086616469736937,0.8419889502762431,0.06698746642793196,0.0846016114592659,0.05640270653931951,0.0,"{""a_pillar_base_asym_delta"": 1640.0, ""delta_1"": 288.0, ""delta_10"": 9.0, ""delta_11"": -5.0, ""delta_12"": -192.0, ""delta_13"": 1448.0, ""delta_14"": -12.0, ""delta_15"": -12.0, ""delta_16"": -21.0, ""delta_17"": 292.0, ""delta_18"": -15.0, ""delta_19"": 201.0, ""delta_2"": -12.0, ""delta_20"": 358.0, ""delta_21"": 0.0, ""delta_3"": null, ""delta_4"": -15.0, ""delta_5"": -16.0, ""delta_6"": 8.0, ""delta_7"": -3.0, ""delta_8"": -15.0, ""delta_9"": -19.0, ""door_leading_lower_asym_delta"": -11.0, ""door_leading_upper_asym_delta"": -1.0, ""door_trailing_lower_asym_delta"": -14.0, ""door_trailing_upper_asym_delta"": -4.0, ""firewall_side_asym_delta"": 0.0, ""front_bumper_left_delta"": 358.0, ""front_bumper_right_delta"": 201.0, ""front_engine_block_delta"": 0.0, ""front_engine_front_delta"": -12.0, ""front_firewall_center_delta"": null, ""front_firewall_left_delta"": -12.0, ""front_firewall_right_delta"": -12.0, ""front_left_right_asym_delta"": 157.0, ""front_left_right_bumper_asymmetry"": 157.0, ""front_structural_delta"": -12.0, ""front_structural_delta_median"": -12.0, ""front_total_length_shortening"": 288.0, ""rear_total_length_shortening"": 288.0, ""total_length_shortening"": 288.0}",288.0,-12.0,157.0,288.0,55.67,closingSpeed,15.463888888888889,227414.39844907407,1902.0,,4468.0,1810.0,2680.0,1177.0,55.67,0.0,180.0,0.0,0.0,0.0,0.0,0.0,DIRECT ENGAGEMENT,NO DIRECT ENGAGEMENT,NO DIRECT ENGAGEMENT,VTV
1234,8555,1471,1,rear,subject_vehicle,B_ProfilePartial,FORD,F150 PICKUP,2008,PICKUP TRUCK,12FDEW2,1,0.0,1524.0,0.0,502.0,152.0,299.0,404.0,502.0,249.0,284.0,502.0,334.4,351.71067655105384,509625.6,1.5011961722488039,0.05352870813397125,0.024964763004690416,0.7507389162561576,0.05736833075999313,0.086121118545205,0.043068638462182035,0.0,"{""a_pillar_base_asym_delta"": 0.0, ""delta_1"": 448.0, ""delta_10"": 1.0, ""delta_11"": -3.0, ""delta_12"": 6.0, ""delta_13"": 6.0, ""delta_14"": -1.0, ""delta_15"": -11.0, ""delta_16"": 25.0, ""delta_17"": 18.0, ""delta_18"": -20.0, ""delta_19"": 284.0, ""delta_2"": 43.0, ""delta_20"": 152.0, ""delta_21"": 0.0, ""delta_3"": null, ""delta_4"": 10.0, ""delta_5"": 6.0, ""delta_6"": 95.0, ""delta_7"": -9.0, ""delta_8"": 14.0, ""delta_9"": 8.0, ""door_leading_lower_asym_delta"": -104.0, ""door_leading_upper_asym_delta"": -4.0, ""door_trailing_lower_asym_delta"": -4.0, ""door_trailing_upper_asym_delta"": -6.0, ""firewall_side_asym_delta"": -10.0, ""front_bumper_left_delta"": 152.0, ""front_bumper_right_delta"": 284.0, ""front_engine_block_delta"": 0.0, ""front_engine_front_delta"": 43.0, ""front_firewall_center_delta"": null, ""front_firewall_left_delta"": -11.0, ""front_firewall_right_delta"": -1.0, ""front_left_right_asym_delta"": -132.0, ""front_left_right_bumper_asymmetry"": -132.0, ""front_structural_delta"": 43.0, ""front_structural_delta_median"": 43.0, ""front_total_length_shortening"": 448.0, ""rear_total_length_shortening"": 448.0, ""total_length_shortening"": 448.0}",448.0,43.0,-132.0,448.0,69.13,closingSpeed,19.202777777777776,493014.3036496912,2674.0,,5829.0,2030.0,3680.0,1618.0,69.13,69.13,180.0,0.0,0.0,0.0,0.0,0.0,DIRECT ENGAGEMENT,NO DIRECT ENGAGEMENT,NO DIRECT ENGAGEMENT,VTV
1234,8555,1472,2,rear,subject_vehicle,A_ProfileValid,JEEP,LIBERTY,2004,UTILITY VEHICLE,06BDEW3,1,180.0,1524.0,0.0,54.0,0.0,54.0,0.0,0.0,0.0,13.0,54.0,12.100000000000001,24.496938584239462,18440.4,4.462809917355371,-0.7851239669421487,-0.35946178539717233,0.8396694214876033,0.002872062663185379,0.012817469736529788,0.0024115831948730124,0.0,"{""a_pillar_base_asym_delta"": -12.0, ""delta_1"": 4213.0, ""delta_10"": -2.0, ""delta_11"": 6.0, ""delta_12"": -1.0, ""delta_13"": -13.0, ""delta_14"": -11.0, ""delta_15"": -15.0, ""delta_16"": -9.0, ""delta_17"": -3.0, ""delta_18"": 4.0, ""delta_19"": 13.0, ""delta_2"": -10.0, ""delta_20"": 4517.0, ""delta_21"": 0.0, ""delta_3"": null, ""delta_4"": -8.0, ""delta_5"": -10.0, ""delta_6"": 0.0, ""delta_7"": 5.0, ""delta_8"": -10.0, ""delta_9"": -12.0, ""door_leading_lower_asym_delta"": 5.0, ""door_leading_upper_asym_delta"": -2.0, ""door_trailing_lower_asym_delta"": 8.0, ""door_trailing_upper_asym_delta"": -2.0, ""firewall_side_asym_delta"": -4.0, ""front_bumper_left_delta"": 4517.0, ""front_bumper_right_delta"": 13.0, ""front_engine_block_delta"": 0.0, ""front_engine_front_delta"": -10.0, ""front_firewall_center_delta"": null, ""front_firewall_left_delta"": -15.0, ""front_firewall_right_delta"": -11.0, ""front_left_right_asym_delta"": 4504.0, ""front_left_right_bumper_asymmetry"": 4504.0, ""front_structural_delta"": -10.0, ""front_structural_delta_median"": -10.0, ""front_total_length_shortening"": 4213.0, ""rear_total_length_shortening"": 4213.0, ""total_length_shortening"": 4213.0}",4213.0,-10.0,4504.0,4213.0,69.13,closingSpeed,19.202777777777776,355287.4207677468,1927.0,,4213.0,1815.0,2640.0,1195.0,69.13,0.0,180.0,0.0,0.0,0.0,0.0,0.0,DIRECT ENGAGEMENT,NO DIRECT ENGAGEMENT,NO DIRECT ENGAGEMENT,VTV
644,8667,772,1,rear,subject_vehicle,X_Exclude,OLDSMOBILE,CUTLASS,1997,FOUR DOOR SEDAN,,0,0.0,0.0,0.0,0.0,0.0,0.0,0.0,0.0,0.0,0.0,0.0,0.0,0.0,,,,,0.0,0.0,0.0,,0.0,"{""a_pillar_base_asym_delta"": 0.0, ""delta_1"": 0.0, ""delta_10"": 0.0, ""delta_11"": 0.0, ""delta_12"": 0.0, ""delta_13"": 0.0, ""delta_14"": 0.0, ""delta_15"": 0.0, ""delta_16"": 0.0, ""delta_17"": 0.0, ""delta_18"": 0.0, ""delta_19"": 0.0, ""delta_2"": 0.0, ""delta_20"": 0.0, ""delta_21"": 0.0, ""delta_3"": null, ""delta_4"": 0.0, ""delta_5"": 0.0, ""delta_6"": 0.0, ""delta_7"": 0.0, ""delta_8"": 0.0, ""delta_9"": 0.0, ""door_leading_lower_asym_delta"": 0.0, ""door_leading_upper_asym_delta"": 0.0, ""door_trailing_lower_asym_delta"": 0.0, ""door_trailing_upper_asym_delta"": 0.0, ""firewall_side_asym_delta"": 0.0, ""front_bumper_left_delta"": 0.0, ""front_bumper_right_delta"": 0.0, ""front_engine_block_delta"": 0.0, ""front_engine_front_delta"": 0.0, ""front_firewall_center_delta"": null, ""front_firewall_left_delta"": 0.0, ""front_firewall_right_delta"": 0.0, ""front_left_right_asym_delta"": 0.0, ""front_left_right_bumper_asymmetry"": 0.0, ""front_structural_delta"": 0.0, ""front_structural_delta_median"": 0.0, ""front_total_length_shortening"": 0.0, ""rear_total_length_shortening"": 0.0, ""total_length_shortening"": 0.0}",0.0,0.0,0.0,0.0,78.6,closingSpeed,21.833333333333332,488611.8055555555,2050.0,,4890.0,1850.0,2730.0,0.0,78.6,0.0,180.0,0.0,0.0,0.0,0.0,0.0,UNKNOWN,UNKNOWN,UNKNOWN,ITV
595,8668,713,1,rear,subject_vehicle,X_Exclude,SATURN,SL1,1996,FOUR DOOR SEDAN,,0,0.0,0.0,0.0,0.0,0.0,0.0,0.0,0.0,0.0,0.0,0.0,0.0,0.0,,,,,0.0,0.0,0.0,,0.0,"{""a_pillar_base_asym_delta"": 0.0, ""delta_1"": 0.0, ""delta_10"": 0.0, ""delta_11"": 0.0, ""delta_12"": 0.0, ""delta_13"": 0.0, ""delta_14"": 0.0, ""delta_15"": 0.0, ""delta_16"": 0.0, ""delta_17"": 0.0, ""delta_18"": 0.0, ""delta_19"": 0.0, ""delta_2"": 0.0, ""delta_20"": 0.0, ""delta_21"": 0.0, ""delta_3"": null, ""delta_4"": 0.0, ""delta_5"": 0.0, ""delta_6"": 0.0, ""delta_7"": 0.0, ""delta_8"": 0.0, ""delta_9"": 0.0, ""door_leading_lower_asym_delta"": 0.0, ""door_leading_upper_asym_delta"": 0.0, ""door_trailing_lower_asym_delta"": 0.0, ""door_trailing_upper_asym_delta"": 0.0, ""firewall_side_asym_delta"": 0.0, ""front_bumper_left_delta"": 0.0, ""front_bumper_right_delta"": 0.0, ""front_engine_block_delta"": 0.0, ""front_engine_front_delta"": 0.0, ""front_firewall_center_delta"": null, ""front_firewall_left_delta"": 0.0, ""front_firewall_right_delta"": 0.0, ""front_left_right_asym_delta"": 0.0, ""front_left_right_bumper_asymmetry"": 0.0, ""front_structural_delta"": 0.0, ""front_structural_delta_median"": 0.0, ""front_total_length_shortening"": 0.0, ""rear_total_length_shortening"": 0.0, ""total_length_shortening"": 0.0}",0.0,0.0,0.0,0.0,79.84,closingSpeed,22.177777777777777,313064.9609876543,1273.0,,4470.0,1685.0,2595.0,0.0,79.84,79.84,180.0,0.0,0.0,0.0,0.0,0.0,UNKNOWN,UNKNOWN,UNKNOWN,ITV
620,8669,743,1,rear,subject_vehicle,X_Exclude,MAZDA,PROTEGE5,1996,FOUR DOOR SEDAN,,0,0.0,0.0,0.0,359.0,0.0,0.0,0.0,0.0,0.0,0.0,0.0,0.0,0.0,,,,,0.0,0.0,0.08085585585585586,,0.0,"{""a_pillar_base_asym_delta"": 0.0, ""delta_1"": 0.0, ""delta_10"": 0.0, ""delta_11"": 0.0, ""delta_12"": 0.0, ""delta_13"": 0.0, ""delta_14"": 0.0, ""delta_15"": 0.0, ""delta_16"": 0.0, ""delta_17"": 0.0, ""delta_18"": 0.0, ""delta_19"": 0.0, ""delta_2"": 0.0, ""delta_20"": 0.0, ""delta_21"": 0.0, ""delta_3"": null, ""delta_4"": 0.0, ""delta_5"": 0.0, ""delta_6"": 0.0, ""delta_7"": 0.0, ""delta_8"": 0.0, ""delta_9"": 0.0, ""door_leading_lower_asym_delta"": 0.0, ""door_leading_upper_asym_delta"": 0.0, ""door_trailing_lower_asym_delta"": 0.0, ""door_trailing_upper_asym_delta"": 0.0, ""firewall_side_asym_delta"": 0.0, ""front_bumper_left_delta"": 0.0, ""front_bumper_right_delta"": 0.0, ""front_engine_block_delta"": 0.0, ""front_engine_front_delta"": 0.0, ""front_firewall_center_delta"": null, ""front_firewall_left_delta"": 0.0, ""front_firewall_right_delta"": 0.0, ""front_left_right_asym_delta"": 0.0, ""front_left_right_bumper_asymmetry"": 0.0, ""front_structural_delta"": 0.0, ""front_structural_delta_median"": 0.0, ""front_total_length_shortening"": 0.0, ""rear_total_length_shortening"": 0.0, ""total_length_shortening"": 0.0}",0.0,0.0,0.0,0.0,79.89,closingSpeed,22.191666666666666,318628.13493055553,1294.0,,4440.0,1690.0,2605.0,0.0,79.89,79.89,180.0,0.0,0.0,0.0,0.0,0.0,UNKNOWN,UNKNOWN,UNKNOWN,ITV
627,8670,750,1,rear,subject_vehicle,X_Exclude,TOYOTA,RAV4,1997,FIVE DOOR HATCHBACK,,0,0.0,0.0,0.0,356.0,0.0,0.0,0.0,0.0,0.0,0.0,0.0,0.0,0.0,,,,,0.0,0.0,0.08588661037394452,,0.0,"{""a_pillar_base_asym_delta"": 0.0, ""delta_1"": 0.0, ""delta_10"": 0.0, ""delta_11"": 0.0, ""delta_12"": 0.0, ""delta_13"": 0.0, ""delta_14"": 0.0, ""delta_15"": 0.0, ""delta_16"": 0.0, ""delta_17"": 0.0, ""delta_18"": 0.0, ""delta_19"": 0.0, ""delta_2"": 0.0, ""delta_20"": 0.0, ""delta_21"": 0.0, ""delta_3"": null, ""delta_4"": 0.0, ""delta_5"": 0.0, ""delta_6"": 0.0, ""delta_7"": 0.0, ""delta_8"": 0.0, ""delta_9"": 0.0, ""door_leading_lower_asym_delta"": 0.0, ""door_leading_upper_asym_delta"": 0.0, ""door_trailing_lower_asym_delta"": 0.0, ""door_trailing_upper_asym_delta"": 0.0, ""firewall_side_asym_delta"": 0.0, ""front_bumper_left_delta"": 0.0, ""front_bumper_right_delta"": 0.0, ""front_engine_block_delta"": 0.0, ""front_engine_front_delta"": 0.0, ""front_firewall_center_delta"": null, ""front_firewall_left_delta"": 0.0, ""front_firewall_right_delta"": 0.0, ""front_left_right_asym_delta"": 0.0, ""front_left_right_bumper_asymmetry"": 0.0, ""front_structural_delta"": 0.0, ""front_structural_delta_median"": 0.0, ""front_total_length_shortening"": 0.0, ""rear_total_length_shortening"": 0.0, ""total_length_shortening"": 0.0}",0.0,0.0,0.0,0.0,78.89,closingSpeed,21.913888888888888,373850.12267361104,1557.0,,4145.0,1770.0,2400.0,0.0,78.89,78.89,180.0,0.0,0.0,0.0,0.0,0.0,UNKNOWN,UNKNOWN,UNKNOWN,ITV
656,8671,786,1,rear,subject_vehicle,X_Exclude,NISSAN,KING CAB PICKUP,1997,PICKUP TRUCK,,0,0.0,0.0,0.0,269.0,0.0,0.0,0.0,0.0,0.0,0.0,0.0,0.0,0.0,,,,,0.0,0.0,0.054288597376387485,,0.0,"{""a_pillar_base_asym_delta"": 0.0, ""delta_1"": 0.0, ""delta_10"": 0.0, ""delta_11"": 0.0, ""delta_12"": 0.0, ""delta_13"": 0.0, ""delta_14"": 0.0, ""delta_15"": 0.0, ""delta_16"": 0.0, ""delta_17"": 0.0, ""delta_18"": 0.0, ""delta_19"": 0.0, ""delta_2"": 0.0, ""delta_20"": 0.0, ""delta_21"": 0.0, ""delta_3"": null, ""delta_4"": 0.0, ""delta_5"": 0.0, ""delta_6"": 0.0, ""delta_7"": 0.0, ""delta_8"": 0.0, ""delta_9"": 0.0, ""door_leading_lower_asym_delta"": 0.0, ""door_leading_upper_asym_delta"": 0.0, ""door_trailing_lower_asym_delta"": 0.0, ""door_trailing_upper_asym_delta"": 0.0, ""firewall_side_asym_delta"": 0.0, ""front_bumper_left_delta"": 0.0, ""front_bumper_right_delta"": 0.0, ""front_engine_block_delta"": 0.0, ""front_engine_front_delta"": 0.0, ""front_firewall_center_delta"": null, ""front_firewall_left_delta"": 0.0, ""front_firewall_right_delta"": 0.0, ""front_left_right_asym_delta"": 0.0, ""front_left_right_bumper_asymmetry"": 0.0, ""front_structural_delta"": 0.0, ""front_structural_delta_median"": 0.0, ""front_total_length_shortening"": 0.0, ""rear_total_length_shortening"": 0.0, ""total_length_shortening"": 0.0}",0.0,0.0,0.0,0.0,79.86,closingSpeed,22.183333333333334,425912.79041666666,1731.0,,4955.0,1665.0,5945.0,0.0,79.86,79.86,180.0,0.0,0.0,0.0,0.0,0.0,UNKNOWN,UNKNOWN,UNKNOWN,ITV
621,8672,744,1,rear,subject_vehicle,X_Exclude,HONDA,ACCORD,1997,FOUR DOOR SEDAN,,0,0.0,0.0,0.0,174.0,0.0,0.0,0.0,0.0,0.0,0.0,0.0,0.0,0.0,,,,,0.0,0.0,0.037139807897545354,,0.0,"{""a_pillar_base_asym_delta"": 0.0, ""delta_1"": 0.0, ""delta_10"": 0.0, ""delta_11"": 0.0, ""delta_12"": 0.0, ""delta_13"": 0.0, ""delta_14"": 0.0, ""delta_15"": 0.0, ""delta_16"": 0.0, ""delta_17"": 0.0, ""delta_18"": 0.0, ""delta_19"": 0.0, ""delta_2"": 0.0, ""delta_20"": 0.0, ""delta_21"": 0.0, ""delta_3"": null, ""delta_4"": 0.0, ""delta_5"": 0.0, ""delta_6"": 0.0, ""delta_7"": 0.0, ""delta_8"": 0.0, ""delta_9"": 0.0, ""door_leading_lower_asym_delta"": 0.0, ""door_leading_upper_asym_delta"": 0.0, ""door_trailing_lower_asym_delta"": 0.0, ""door_trailing_upper_asym_delta"": 0.0, ""firewall_side_asym_delta"": 0.0, ""front_bumper_left_delta"": 0.0, ""front_bumper_right_delta"": 0.0, ""front_engine_block_delta"": 0.0, ""front_engine_front_delta"": 0.0, ""front_firewall_center_delta"": null, ""front_firewall_left_delta"": 0.0, ""front_firewall_right_delta"": 0.0, ""front_left_right_asym_delta"": 0.0, ""front_left_right_bumper_asymmetry"": 0.0, ""front_structural_delta"": 0.0, ""front_structural_delta_median"": 0.0, ""front_total_length_shortening"": 0.0, ""rear_total_length_shortening"": 0.0, ""total_length_shortening"": 0.0}",0.0,0.0,0.0,0.0,79.16,closingSpeed,21.988888888888887,373270.67308641964,1544.0,,4685.0,1750.0,2705.0,0.0,79.16,79.16,180.0,0.0,0.0,0.0,0.0,0.0,UNKNOWN,UNKNOWN,UNKNOWN,ITV
625,8673,748,1,rear,subject_vehicle,X_Exclude,MAZDA,626,1997,NOT APPLICABLE,,0,0.0,0.0,0.0,199.0,0.0,0.0,0.0,0.0,0.0,0.0,0.0,0.0,0.0,,,,,0.0,0.0,0.04247598719316969,,0.0,"{""a_pillar_base_asym_delta"": 0.0, ""delta_1"": 0.0, ""delta_10"": 0.0, ""delta_11"": 0.0, ""delta_12"": 0.0, ""delta_13"": 0.0, ""delta_14"": 0.0, ""delta_15"": 0.0, ""delta_16"": 0.0, ""delta_17"": 0.0, ""delta_18"": 0.0, ""delta_19"": 0.0, ""delta_2"": 0.0, ""delta_20"": 0.0, ""delta_21"": 0.0, ""delta_3"": null, ""delta_4"": 0.0, ""delta_5"": 0.0, ""delta_6"": 0.0, ""delta_7"": 0.0, ""delta_8"": 0.0, ""delta_9"": 0.0, ""door_leading_lower_asym_delta"": 0.0, ""door_leading_upper_asym_delta"": 0.0, ""door_trailing_lower_asym_delta"": 0.0, ""door_trailing_upper_asym_delta"": 0.0, ""firewall_side_asym_delta"": 0.0, ""front_bumper_left_delta"": 0.0, ""front_bumper_right_delta"": 0.0, ""front_engine_block_delta"": 0.0, ""front_engine_front_delta"": 0.0, ""front_firewall_center_delta"": null, ""front_firewall_left_delta"": 0.0, ""front_firewall_right_delta"": 0.0, ""front_left_right_asym_delta"": 0.0, ""front_left_right_bumper_asymmetry"": 0.0, ""front_structural_delta"": 0.0, ""front_structural_delta_median"": 0.0, ""front_total_length_shortening"": 0.0, ""rear_total_length_shortening"": 0.0, ""total_length_shortening"": 0.0}",0.0,0.0,0.0,0.0,79.75,closingSpeed,22.15277777777778,344503.3854166667,1404.0,,4685.0,1715.0,2610.0,0.0,79.75,0.0,180.0,0.0,0.0,0.0,0.0,0.0,UNKNOWN,UNKNOWN,UNKNOWN,ITV
652,8674,782,1,rear,subject_vehicle,X_Exclude,FORD,RANGER,1998,TRUCK,,0,0.0,0.0,0.0,0.0,0.0,0.0,0.0,0.0,0.0,0.0,0.0,0.0,0.0,,,,,0.0,0.0,0.0,,0.0,"{""a_pillar_base_asym_delta"": 0.0, ""delta_1"": 0.0, ""delta_10"": 0.0, ""delta_11"": 0.0, ""delta_12"": 0.0, ""delta_13"": 0.0, ""delta_14"": 0.0, ""delta_15"": 0.0, ""delta_16"": 0.0, ""delta_17"": 0.0, ""delta_18"": 0.0, ""delta_19"": 0.0, ""delta_2"": 0.0, ""delta_20"": 0.0, ""delta_21"": 0.0, ""delta_3"": null, ""delta_4"": 0.0, ""delta_5"": 0.0, ""delta_6"": 0.0, ""delta_7"": 0.0, ""delta_8"": 0.0, ""delta_9"": 0.0, ""door_leading_lower_asym_delta"": 0.0, ""door_leading_upper_asym_delta"": 0.0, ""door_trailing_lower_asym_delta"": 0.0, ""door_trailing_upper_asym_delta"": 0.0, ""firewall_side_asym_delta"": 0.0, ""front_bumper_left_delta"": 0.0, ""front_bumper_right_delta"": 0.0, ""front_engine_block_delta"": 0.0, ""front_engine_front_delta"": 0.0, ""front_firewall_center_delta"": null, ""front_firewall_left_delta"": 0.0, ""front_firewall_right_delta"": 0.0, ""front_left_right_asym_delta"": 0.0, ""front_left_right_bumper_asymmetry"": 0.0, ""front_structural_delta"": 0.0, ""front_structural_delta_median"": 0.0, ""front_total_length_shortening"": 0.0, ""rear_total_length_shortening"": 0.0, ""total_length_shortening"": 0.0}",0.0,0.0,0.0,0.0,79.66,closingSpeed,22.127777777777776,410806.74293209874,1678.0,,4735.0,1790.0,2833.0,0.0,79.66,0.0,180.0,0.0,0.0,0.0,0.0,0.0,UNKNOWN,UNKNOWN,UNKNOWN,ITV
628,8675,751,1,rear,subject_vehicle,X_Exclude,DODGE,AVENGER,1998,TWO DOOR SEDAN,,0,0.0,0.0,0.0,207.0,0.0,0.0,0.0,0.0,0.0,0.0,0.0,0.0,0.0,,,,,0.0,0.0,0.04254881808838643,,0.0,"{""a_pillar_base_asym_delta"": 0.0, ""delta_1"": 0.0, ""delta_10"": 0.0, ""delta_11"": 0.0, ""delta_12"": 0.0, ""delta_13"": 0.0, ""delta_14"": 0.0, ""delta_15"": 0.0, ""delta_16"": 0.0, ""delta_17"": 0.0, ""delta_18"": 0.0, ""delta_19"": 0.0, ""delta_2"": 0.0, ""delta_20"": 0.0, ""delta_21"": 0.0, ""delta_3"": null, ""delta_4"": 0.0, ""delta_5"": 0.0, ""delta_6"": 0.0, ""delta_7"": 0.0, ""delta_8"": 0.0, ""delta_9"": 0.0, ""door_leading_lower_asym_delta"": 0.0, ""door_leading_upper_asym_delta"": 0.0, ""door_trailing_lower_asym_delta"": 0.0, ""door_trailing_upper_asym_delta"": 0.0, ""firewall_side_asym_delta"": 0.0, ""front_bumper_left_delta"": 0.0, ""front_bumper_right_delta"": 0.0, ""front_engine_block_delta"": 0.0, ""front_engine_front_delta"": 0.0, ""front_firewall_center_delta"": null, ""front_firewall_left_delta"": 0.0, ""front_firewall_right_delta"": 0.0, ""front_left_right_asym_delta"": 0.0, ""front_left_right_bumper_asymmetry"": 0.0, ""front_structural_delta"": 0.0, ""front_structural_delta_median"": 0.0, ""front_total_length_shortening"": 0.0, ""rear_total_length_shortening"": 0.0, ""total_length_shortening"": 0.0}",0.0,0.0,0.0,0.0,78.92,closingSpeed,21.92222222222222,396001.0735802468,1648.0,,4865.0,1745.0,2635.0,0.0,78.92,0.0,180.0,0.0,0.0,0.0,0.0,0.0,NOT APPLICABLE,NOT APPLICABLE,NOT APPLICABLE,ITV
561,8676,673,1,rear,subject_vehicle,X_Exclude,VOLKSWAGEN,BEETLE,1998,THREE DOOR HATCHBACK,,0,0.0,0.0,0.0,382.0,0.0,0.0,0.0,0.0,0.0,0.0,0.0,0.0,0.0,,,,,0.0,0.0,0.09374233128834356,,0.0,"{""a_pillar_base_asym_delta"": 0.0, ""delta_1"": 0.0, ""delta_10"": 0.0, ""delta_11"": 0.0, ""delta_12"": 0.0, ""delta_13"": 0.0, ""delta_14"": 0.0, ""delta_15"": 0.0, ""delta_16"": 0.0, ""delta_17"": 0.0, ""delta_18"": 0.0, ""delta_19"": 0.0, ""delta_2"": 0.0, ""delta_20"": 0.0, ""delta_21"": 0.0, ""delta_3"": null, ""delta_4"": 0.0, ""delta_5"": 0.0, ""delta_6"": 0.0, ""delta_7"": 0.0, ""delta_8"": 0.0, ""delta_9"": 0.0, ""door_leading_lower_asym_delta"": 0.0, ""door_leading_upper_asym_delta"": 0.0, ""door_trailing_lower_asym_delta"": 0.0, ""door_trailing_upper_asym_delta"": 0.0, ""firewall_side_asym_delta"": 0.0, ""front_bumper_left_delta"": 0.0, ""front_bumper_right_delta"": 0.0, ""front_engine_block_delta"": 0.0, ""front_engine_front_delta"": 0.0, ""front_firewall_center_delta"": null, ""front_firewall_left_delta"": 0.0, ""front_firewall_right_delta"": 0.0, ""front_left_right_asym_delta"": 0.0, ""front_left_right_bumper_asymmetry"": 0.0, ""front_structural_delta"": 0.0, ""front_structural_delta_median"": 0.0, ""front_total_length_shortening"": 0.0, ""rear_total_length_shortening"": 0.0, ""total_length_shortening"": 0.0}",0.0,0.0,0.0,0.0,79.58,closingSpeed,22.105555555555554,380418.37402777775,1557.0,,4075.0,1730.0,2518.0,0.0,79.58,0.0,180.0,0.0,0.0,0.0,0.0,0.0,UNKNOWN,UNKNOWN,UNKNOWN,ITV
596,8677,714,1,rear,subject_vehicle,X_Exclude,BUICK,LESABRE,1999,FOUR DOOR SEDAN,,0,0.0,0.0,0.0,0.0,0.0,0.0,0.0,0.0,0.0,0.0,0.0,0.0,0.0,,,,,0.0,0.0,0.0,,0.0,"{""a_pillar_base_asym_delta"": 0.0, ""delta_1"": 0.0, ""delta_10"": 0.0, ""delta_11"": 0.0, ""delta_12"": 0.0, ""delta_13"": 0.0, ""delta_14"": 0.0, ""delta_15"": 0.0, ""delta_16"": 0.0, ""delta_17"": 0.0, ""delta_18"": 0.0, ""delta_19"": 0.0, ""delta_2"": 0.0, ""delta_20"": 0.0, ""delta_21"": 0.0, ""delta_3"": null, ""delta_4"": 0.0, ""delta_5"": 0.0, ""delta_6"": 0.0, ""delta_7"": 0.0, ""delta_8"": 0.0, ""delta_9"": 0.0, ""door_leading_lower_asym_delta"": 0.0, ""door_leading_upper_asym_delta"": 0.0, ""door_trailing_lower_asym_delta"": 0.0, ""door_trailing_upper_asym_delta"": 0.0, ""firewall_side_asym_delta"": 0.0, ""front_bumper_left_delta"": 0.0, ""front_bumper_right_delta"": 0.0, ""front_engine_block_delta"": 0.0, ""front_engine_front_delta"": 0.0, ""front_firewall_center_delta"": null, ""front_firewall_left_delta"": 0.0, ""front_firewall_right_delta"": 0.0, ""front_left_right_asym_delta"": 0.0, ""front_left_right_bumper_asymmetry"": 0.0, ""front_structural_delta"": 0.0, ""front_structural_delta_median"": 0.0, ""front_total_length_shortening"": 0.0, ""rear_total_length_shortening"": 0.0, ""total_length_shortening"": 0.0}",0.0,0.0,0.0,0.0,78.69,closingSpeed,21.85833333333333,434308.14312499994,1818.0,,5080.0,1838.0,2815.0,0.0,78.69,0.0,180.0,0.0,0.0,0.0,0.0,0.0,UNKNOWN,UNKNOWN,UNKNOWN,ITV
653,8678,783,1,rear,subject_vehicle,X_Exclude,BUICK,CENTURY,2000,FOUR DOOR SEDAN,,0,0.0,0.0,0.0,358.0,0.0,0.0,0.0,0.0,0.0,0.0,0.0,0.0,0.0,,,,,0.0,0.0,0.07246963562753037,,0.0,"{""a_pillar_base_asym_delta"": 0.0, ""delta_1"": 0.0, ""delta_10"": 0.0, ""delta_11"": 0.0, ""delta_12"": 0.0, ""delta_13"": 0.0, ""delta_14"": 0.0, ""delta_15"": 0.0, ""delta_16"": 0.0, ""delta_17"": 0.0, ""delta_18"": 0.0, ""delta_19"": 0.0, ""delta_2"": 0.0, ""delta_20"": 0.0, ""delta_21"": 0.0, ""delta_3"": null, ""delta_4"": 0.0, ""delta_5"": 0.0, ""delta_6"": 0.0, ""delta_7"": 0.0, ""delta_8"": 0.0, ""delta_9"": 0.0, ""door_leading_lower_asym_delta"": 0.0, ""door_leading_upper_asym_delta"": 0.0, ""door_trailing_lower_asym_delta"": 0.0, ""door_trailing_upper_asym_delta"": 0.0, ""firewall_side_asym_delta"": 0.0, ""front_bumper_left_delta"": 0.0, ""front_bumper_right_delta"": 0.0, ""front_engine_block_delta"": 0.0, ""front_engine_front_delta"": 0.0, ""front_firewall_center_delta"": null, ""front_firewall_left_delta"": 0.0, ""front_firewall_right_delta"": 0.0, ""front_left_right_asym_delta"": 0.0, ""front_left_right_bumper_asymmetry"": 0.0, ""front_structural_delta"": 0.0, ""front_structural_delta_median"": 0.0, ""front_total_length_shortening"": 0.0, ""rear_total_length_shortening"": 0.0, ""total_length_shortening"": 0.0}",0.0,0.0,0.0,0.0,79.94,closingSpeed,22.205555555555556,434409.3805246913,1762.0,,4940.0,1835.0,2773.0,0.0,79.94,0.0,180.0,0.0,0.0,0.0,0.0,0.0,UNKNOWN,UNKNOWN,UNKNOWN,ITV
623,8679,746,1,rear,subject_vehicle,X_Exclude,FORD,CONTOUR,2000,FOUR DOOR SEDAN,,0,0.0,0.0,0.0,227.0,0.0,0.0,0.0,0.0,0.0,0.0,0.0,0.0,0.0,,,,,0.0,0.0,0.048504273504273505,,0.0,"{""a_pillar_base_asym_delta"": 0.0, ""delta_1"": 0.0, ""delta_10"": 0.0, ""delta_11"": 0.0, ""delta_12"": 0.0, ""delta_13"": 0.0, ""delta_14"": 0.0, ""delta_15"": 0.0, ""delta_16"": 0.0, ""delta_17"": 0.0, ""delta_18"": 0.0, ""delta_19"": 0.0, ""delta_2"": 0.0, ""delta_20"": 0.0, ""delta_21"": 0.0, ""delta_3"": null, ""delta_4"": 0.0, ""delta_5"": 0.0, ""delta_6"": 0.0, ""delta_7"": 0.0, ""delta_8"": 0.0, ""delta_9"": 0.0, ""door_leading_lower_asym_delta"": 0.0, ""door_leading_upper_asym_delta"": 0.0, ""door_trailing_lower_asym_delta"": 0.0, ""door_trailing_upper_asym_delta"": 0.0, ""firewall_side_asym_delta"": 0.0, ""front_bumper_left_delta"": 0.0, ""front_bumper_right_delta"": 0.0, ""front_engine_block_delta"": 0.0, ""front_engine_front_delta"": 0.0, ""front_firewall_center_delta"": null, ""front_firewall_left_delta"": 0.0, ""front_firewall_right_delta"": 0.0, ""front_left_right_asym_delta"": 0.0, ""front_left_right_bumper_asymmetry"": 0.0, ""front_structural_delta"": 0.0, ""front_structural_delta_median"": 0.0, ""front_total_length_shortening"": 0.0, ""rear_total_length_shortening"": 0.0, ""total_length_shortening"": 0.0}",0.0,0.0,0.0,0.0,79.54,closingSpeed,22.094444444444445,380036.0440277778,1557.0,,4680.0,1740.0,2700.0,0.0,79.54,0.0,180.0,0.0,0.0,0.0,0.0,0.0,UNKNOWN,UNKNOWN,UNKNOWN,ITV
594,8680,712,1,rear,subject_vehicle,X_Exclude,HYUNDAI,ELANTRA,2000,FOUR DOOR SEDAN,,0,0.0,0.0,0.0,0.0,0.0,0.0,0.0,0.0,0.0,0.0,0.0,0.0,0.0,,,,,0.0,0.0,0.0,,0.0,"{""a_pillar_base_asym_delta"": 0.0, ""delta_1"": 0.0, ""delta_10"": 0.0, ""delta_11"": 0.0, ""delta_12"": 0.0, ""delta_13"": 0.0, ""delta_14"": 0.0, ""delta_15"": 0.0, ""delta_16"": 0.0, ""delta_17"": 0.0, ""delta_18"": 0.0, ""delta_19"": 0.0, ""delta_2"": 0.0, ""delta_20"": 0.0, ""delta_21"": 0.0, ""delta_3"": null, ""delta_4"": 0.0, ""delta_5"": 0.0, ""delta_6"": 0.0, ""delta_7"": 0.0, ""delta_8"": 0.0, ""delta_9"": 0.0, ""door_leading_lower_asym_delta"": 0.0, ""door_leading_upper_asym_delta"": 0.0, ""door_trailing_lower_asym_delta"": 0.0, ""door_trailing_upper_asym_delta"": 0.0, ""firewall_side_asym_delta"": 0.0, ""front_bumper_left_delta"": 0.0, ""front_bumper_right_delta"": 0.0, ""front_engine_block_delta"": 0.0, ""front_engine_front_delta"": 0.0, ""front_firewall_center_delta"": null, ""front_firewall_left_delta"": 0.0, ""front_firewall_right_delta"": 0.0, ""front_left_right_asym_delta"": 0.0, ""front_left_right_bumper_asymmetry"": 0.0, ""front_structural_delta"": 0.0, ""front_structural_delta_median"": 0.0, ""front_total_length_shortening"": 0.0, ""rear_total_length_shortening"": 0.0, ""total_length_shortening"": 0.0}",0.0,0.0,0.0,0.0,80.07,closingSpeed,22.241666666666664,354941.3206597221,1435.0,,4443.0,1698.0,2557.0,0.0,80.07,0.0,180.0,0.0,0.0,0.0,0.0,0.0,UNKNOWN,UNKNOWN,UNKNOWN,ITV
624,8681,747,1,rear,subject_vehicle,X_Exclude,TOYOTA,CAMRY,2000,TWO DOOR COUPE,,0,0.0,0.0,0.0,313.0,0.0,0.0,0.0,0.0,0.0,0.0,0.0,0.0,0.0,,,,,0.0,0.0,0.06487046632124352,,0.0,"{""a_pillar_base_asym_delta"": 0.0, ""delta_1"": 0.0, ""delta_10"": 0.0, ""delta_11"": 0.0, ""delta_12"": 0.0, ""delta_13"": 0.0, ""delta_14"": 0.0, ""delta_15"": 0.0, ""delta_16"": 0.0, ""delta_17"": 0.0, ""delta_18"": 0.0, ""delta_19"": 0.0, ""delta_2"": 0.0, ""delta_20"": 0.0, ""delta_21"": 0.0, ""delta_3"": null, ""delta_4"": 0.0, ""delta_5"": 0.0, ""delta_6"": 0.0, ""delta_7"": 0.0, ""delta_8"": 0.0, ""delta_9"": 0.0, ""door_leading_lower_asym_delta"": 0.0, ""door_leading_upper_asym_delta"": 0.0, ""door_trailing_lower_asym_delta"": 0.0, ""door_trailing_upper_asym_delta"": 0.0, ""firewall_side_asym_delta"": 0.0, ""front_bumper_left_delta"": 0.0, ""front_bumper_right_delta"": 0.0, ""front_engine_block_delta"": 0.0, ""front_engine_front_delta"": 0.0, ""front_firewall_center_delta"": null, ""front_firewall_left_delta"": 0.0, ""front_firewall_right_delta"": 0.0, ""front_left_right_asym_delta"": 0.0, ""front_left_right_bumper_asymmetry"": 0.0, ""front_structural_delta"": 0.0, ""front_structural_delta_median"": 0.0, ""front_total_length_shortening"": 0.0, ""rear_total_length_shortening"": 0.0, ""total_length_shortening"": 0.0}",0.0,0.0,0.0,0.0,79.52,closingSpeed,22.08888888888889,418390.55308641976,1715.0,,4825.0,1780.0,2670.0,0.0,79.52,79.52,180.0,0.0,0.0,0.0,0.0,0.0,UNKNOWN,UNKNOWN,UNKNOWN,ITV
732,8682,879,1,rear,subject_vehicle,X_Exclude,FORD,F150 PICKUP,1999,OTHER,,0,0.0,0.0,0.0,0.0,0.0,0.0,0.0,0.0,0.0,0.0,0.0,0.0,0.0,,,,,0.0,0.0,0.0,,0.0,"{""a_pillar_base_asym_delta"": 0.0, ""delta_1"": 0.0, ""delta_10"": 0.0, ""delta_11"": 0.0, ""delta_12"": 0.0, ""delta_13"": 0.0, ""delta_14"": 0.0, ""delta_15"": 0.0, ""delta_16"": 0.0, ""delta_17"": 0.0, ""delta_18"": 0.0, ""delta_19"": 0.0, ""delta_2"": 0.0, ""delta_20"": 0.0, ""delta_21"": 0.0, ""delta_3"": null, ""delta_4"": 0.0, ""delta_5"": 0.0, ""delta_6"": 0.0, ""delta_7"": 0.0, ""delta_8"": 0.0, ""delta_9"": 0.0, ""door_leading_lower_asym_delta"": 0.0, ""door_leading_upper_asym_delta"": 0.0, ""door_trailing_lower_asym_delta"": 0.0, ""door_trailing_upper_asym_delta"": 0.0, ""firewall_side_asym_delta"": 0.0, ""front_bumper_left_delta"": 0.0, ""front_bumper_right_delta"": 0.0, ""front_engine_block_delta"": 0.0, ""front_engine_front_delta"": 0.0, ""front_firewall_center_delta"": null, ""front_firewall_left_delta"": 0.0, ""front_firewall_right_delta"": 0.0, ""front_left_right_asym_delta"": 0.0, ""front_left_right_bumper_asymmetry"": 0.0, ""front_structural_delta"": 0.0, ""front_structural_delta_median"": 0.0, ""front_total_length_shortening"": 0.0, ""rear_total_length_shortening"": 0.0, ""total_length_shortening"": 0.0}",0.0,0.0,0.0,0.0,78.75,closingSpeed,21.875,518471.6796875,2167.0,,5260.0,1995.0,3055.0,0.0,78.75,0.0,180.0,0.0,0.0,0.0,0.0,0.0,UNKNOWN,UNKNOWN,UNKNOWN,ITV
3061,14082,3649,2,rear,subject_vehicle,X_Exclude,KIA,TELLURIDE,2020,NOT APPLICABLE,,0,,0.0,,,0.0,,,,,0.0,0.0,,,,,,,,,,,,"{""a_pillar_base_asym_delta"": null, ""delta_1"": null, ""delta_10"": null, ""delta_11"": null, ""delta_12"": null, ""delta_13"": null, ""delta_14"": null, ""delta_15"": null, ""delta_16"": null, ""delta_17"": null, ""delta_18"": null, ""delta_19"": null, ""delta_2"": null, ""delta_20"": null, ""delta_21"": null, ""delta_3"": null, ""delta_4"": null, ""delta_5"": null, ""delta_6"": null, ""delta_7"": null, ""delta_8"": null, ""delta_9"": null, ""door_leading_lower_asym_delta"": null, ""door_leading_upper_asym_delta"": null, ""door_trailing_lower_asym_delta"": null, ""door_trailing_upper_asym_delta"": null, ""firewall_side_asym_delta"": null, ""front_bumper_left_delta"": null, ""front_bumper_right_delta"": null, ""front_engine_block_delta"": null, ""front_engine_front_delta"": null, ""front_firewall_center_delta"": null, ""front_firewall_left_delta"": null, ""front_firewall_right_delta"": null, ""front_left_right_asym_delta"": null, ""front_left_right_bumper_asymmetry"": null, ""front_structural_delta"": null, ""front_structural_delta_median"": null, ""front_total_length_shortening"": null, ""rear_total_length_shortening"": null, ""total_length_shortening"": null}",,,,,0.0,closingSpeed,0.0,,,,,,,,0.0,0.0,180.0,0.0,0.0,0.0,,0.0,NOT APPLICABLE,DIRECT ENGAGEMENT,DIRECT ENGAGEMENT,ITV
3062,14094,3651,2,rear,subject_vehicle,X_Exclude,SUBARU,OUTBACK,2020,NOT APPLICABLE,,0,,0.0,,,0.0,,,,,0.0,0.0,,,,,,,,,,,,"{""a_pillar_base_asym_delta"": null, ""delta_1"": null, ""delta_10"": null, ""delta_11"": null, ""delta_12"": null, ""delta_13"": null, ""delta_14"": null, ""delta_15"": null, ""delta_16"": null, ""delta_17"": null, ""delta_18"": null, ""delta_19"": null, ""delta_2"": null, ""delta_20"": null, ""delta_21"": null, ""delta_3"": null, ""delta_4"": null, ""delta_5"": null, ""delta_6"": null, ""delta_7"": null, ""delta_8"": null, ""delta_9"": null, ""door_leading_lower_asym_delta"": null, ""door_leading_upper_asym_delta"": null, ""door_trailing_lower_asym_delta"": null, ""door_trailing_upper_asym_delta"": null, ""firewall_side_asym_delta"": null, ""front_bumper_left_delta"": null, ""front_bumper_right_delta"": null, ""front_engine_block_delta"": null, ""front_engine_front_delta"": null, ""front_firewall_center_delta"": null, ""front_firewall_left_delta"": null, ""front_firewall_right_delta"": null, ""front_left_right_asym_delta"": null, ""front_left_right_bumper_asymmetry"": null, ""front_structural_delta"": null, ""front_structural_delta_median"": null, ""front_total_length_shortening"": null, ""rear_total_length_shortening"": null, ""total_length_shortening"": null}",,,,,0.0,closingSpeed,0.0,,,,,,,,0.0,0.0,180.0,0.0,0.0,0.0,,0.0,NOT APPLICABLE,DIRECT ENGAGEMENT,DIRECT ENGAGEMENT,ITV
3569,14446,4275,2,rear,subject_vehicle,X_Exclude,JEEP,GRAND CHEROKEE,2023,UTILITY VEHICLE,,0,,0.0,,,0.0,,,,,0.0,0.0,,,,,,,,,,,,"{""a_pillar_base_asym_delta"": null, ""delta_1"": null, ""delta_10"": null, ""delta_11"": null, ""delta_12"": null, ""delta_13"": null, ""delta_14"": null, ""delta_15"": null, ""delta_16"": null, ""delta_17"": null, ""delta_18"": null, ""delta_19"": null, ""delta_2"": null, ""delta_20"": null, ""delta_21"": null, ""delta_3"": null, ""delta_4"": null, ""delta_5"": null, ""delta_6"": null, ""delta_7"": null, ""delta_8"": null, ""delta_9"": null, ""door_leading_lower_asym_delta"": null, ""door_leading_upper_asym_delta"": null, ""door_trailing_lower_asym_delta"": null, ""door_trailing_upper_asym_delta"": null, ""firewall_side_asym_delta"": null, ""front_bumper_left_delta"": null, ""front_bumper_right_delta"": null, ""front_engine_block_delta"": null, ""front_engine_front_delta"": null, ""front_firewall_center_delta"": null, ""front_firewall_left_delta"": null, ""front_firewall_right_delta"": null, ""front_left_right_asym_delta"": null, ""front_left_right_bumper_asymmetry"": null, ""front_structural_delta"": null, ""front_structural_delta_median"": null, ""front_total_length_shortening"": null, ""rear_total_length_shortening"": null, ""total_length_shortening"": null}",,,,,0.0,closingSpeed,0.0,,,,,,,,0.0,0.0,180.0,0.0,0.0,0.0,,0.0,NOT APPLICABLE,DIRECT ENGAGEMENT,DIRECT ENGAGEMENT,ITV
3541,14447,4236,2,rear,subject_vehicle,X_Exclude,HONDA,HR-V,2023,NOT APPLICABLE,,0,,0.0,,,0.0,,,,,0.0,0.0,,,,,,,,,,,,"{""a_pillar_base_asym_delta"": null, ""delta_1"": null, ""delta_10"": null, ""delta_11"": null, ""delta_12"": null, ""delta_13"": null, ""delta_14"": null, ""delta_15"": null, ""delta_16"": null, ""delta_17"": null, ""delta_18"": null, ""delta_19"": null, ""delta_2"": null, ""delta_20"": null, ""delta_21"": null, ""delta_3"": null, ""delta_4"": null, ""delta_5"": null, ""delta_6"": null, ""delta_7"": null, ""delta_8"": null, ""delta_9"": null, ""door_leading_lower_asym_delta"": null, ""door_leading_upper_asym_delta"": null, ""door_trailing_lower_asym_delta"": null, ""door_trailing_upper_asym_delta"": null, ""firewall_side_asym_delta"": null, ""front_bumper_left_delta"": null, ""front_bumper_right_delta"": null, ""front_engine_block_delta"": null, ""front_engine_front_delta"": null, ""front_firewall_center_delta"": null, ""front_firewall_left_delta"": null, ""front_firewall_right_delta"": null, ""front_left_right_asym_delta"": null, ""front_left_right_bumper_asymmetry"": null, ""front_structural_delta"": null, ""front_structural_delta_median"": null, ""front_total_length_shortening"": null, ""rear_total_length_shortening"": null, ""total_length_shortening"": null}",,,,,0.0,closingSpeed,0.0,,,,,,,,0.0,0.0,180.0,0.0,0.0,0.0,,0.0,NOT APPLICABLE,DIRECT ENGAGEMENT,DIRECT ENGAGEMENT,ITV
3538,14448,4231,2,rear,subject_vehicle,X_Exclude,MAZDA,CX-50,2023,NOT APPLICABLE,,0,,0.0,,,0.0,,,,,0.0,0.0,,,,,,,,,,,,"{""a_pillar_base_asym_delta"": null, ""delta_1"": null, ""delta_10"": null, ""delta_11"": null, ""delta_12"": null, ""delta_13"": null, ""delta_14"": null, ""delta_15"": null, ""delta_16"": null, ""delta_17"": null, ""delta_18"": null, ""delta_19"": null, ""delta_2"": null, ""delta_20"": null, ""delta_21"": null, ""delta_3"": null, ""delta_4"": null, ""delta_5"": null, ""delta_6"": null, ""delta_7"": null, ""delta_8"": null, ""delta_9"": null, ""door_leading_lower_asym_delta"": null, ""door_leading_upper_asym_delta"": null, ""door_trailing_lower_asym_delta"": null, ""door_trailing_upper_asym_delta"": null, ""firewall_side_asym_delta"": null, ""front_bumper_left_delta"": null, ""front_bumper_right_delta"": null, ""front_engine_block_delta"": null, ""front_engine_front_delta"": null, ""front_firewall_center_delta"": null, ""front_firewall_left_delta"": null, ""front_firewall_right_delta"": null, ""front_left_right_asym_delta"": null, ""front_left_right_bumper_asymmetry"": null, ""front_structural_delta"": null, ""front_structural_delta_median"": null, ""front_total_length_shortening"": null, ""rear_total_length_shortening"": null, ""total_length_shortening"": null}",,,,,0.0,closingSpeed,0.0,,,,,,,,0.0,0.0,180.0,0.0,0.0,0.0,,0.0,NOT APPLICABLE,DIRECT ENGAGEMENT,DIRECT ENGAGEMENT,ITV
3607,14449,4325,2,rear,subject_vehicle,X_Exclude,VOLKSWAGEN,TAOS,2023,UTILITY VEHICLE,,0,,0.0,,,0.0,,,,,0.0,0.0,,,,,,,,,,,,"{""a_pillar_base_asym_delta"": null, ""delta_1"": null, ""delta_10"": null, ""delta_11"": null, ""delta_12"": null, ""delta_13"": null, ""delta_14"": null, ""delta_15"": null, ""delta_16"": null, ""delta_17"": null, ""delta_18"": null, ""delta_19"": null, ""delta_2"": null, ""delta_20"": null, ""delta_21"": null, ""delta_3"": null, ""delta_4"": null, ""delta_5"": null, ""delta_6"": null, ""delta_7"": null, ""delta_8"": null, ""delta_9"": null, ""door_leading_lower_asym_delta"": null, ""door_leading_upper_asym_delta"": null, ""door_trailing_lower_asym_delta"": null, ""door_trailing_upper_asym_delta"": null, ""firewall_side_asym_delta"": null, ""front_bumper_left_delta"": null, ""front_bumper_right_delta"": null, ""front_engine_block_delta"": null, ""front_engine_front_delta"": null, ""front_firewall_center_delta"": null, ""front_firewall_left_delta"": null, ""front_firewall_right_delta"": null, ""front_left_right_asym_delta"": null, ""front_left_right_bumper_asymmetry"": null, ""front_structural_delta"": null, ""front_structural_delta_median"": null, ""front_total_length_shortening"": null, ""rear_total_length_shortening"": null, ""total_length_shortening"": null}",,,,,0.0,closingSpeed,0.0,,,,,,,,0.0,0.0,180.0,0.0,0.0,0.0,,0.0,NOT APPLICABLE,DIRECT ENGAGEMENT,DIRECT ENGAGEMENT,ITV
3470,14452,4139,2,rear,subject_vehicle,X_Exclude,HONDA,CIVIC,2022,NOT APPLICABLE,,0,,0.0,,,0.0,,,,,0.0,0.0,,,,,,,,,,,,"{""a_pillar_base_asym_delta"": null, ""delta_1"": null, ""delta_10"": null, ""delta_11"": null, ""delta_12"": null, ""delta_13"": null, ""delta_14"": null, ""delta_15"": null, ""delta_16"": null, ""delta_17"": null, ""delta_18"": null, ""delta_19"": null, ""delta_2"": null, ""delta_20"": null, ""delta_21"": null, ""delta_3"": null, ""delta_4"": null, ""delta_5"": null, ""delta_6"": null, ""delta_7"": null, ""delta_8"": null, ""delta_9"": null, ""door_leading_lower_asym_delta"": null, ""door_leading_upper_asym_delta"": null, ""door_trailing_lower_asym_delta"": null, ""door_trailing_upper_asym_delta"": null, ""firewall_side_asym_delta"": null, ""front_bumper_left_delta"": null, ""front_bumper_right_delta"": null, ""front_engine_block_delta"": null, ""front_engine_front_delta"": null, ""front_firewall_center_delta"": null, ""front_firewall_left_delta"": null, ""front_firewall_right_delta"": null, ""front_left_right_asym_delta"": null, ""front_left_right_bumper_asymmetry"": null, ""front_structural_delta"": null, ""front_structural_delta_median"": null, ""front_total_length_shortening"": null, ""rear_total_length_shortening"": null, ""total_length_shortening"": null}",,,,,0.0,closingSpeed,0.0,,,,,,,,0.0,0.0,180.0,0.0,0.0,0.0,,0.0,NOT APPLICABLE,DIRECT ENGAGEMENT,DIRECT ENGAGEMENT,ITV
2917,14453,3468,1,rear,subject_vehicle,X_Exclude,NHTSA,,,NOT APPLICABLE,,0,,0.0,,,,,,,,,,,,,,,,,,,,,"{""a_pillar_base_asym_delta"": null, ""delta_1"": null, ""delta_10"": null, ""delta_11"": null, ""delta_12"": null, ""delta_13"": null, ""delta_14"": null, ""delta_15"": null, ""delta_16"": null, ""delta_17"": null, ""delta_18"": null, ""delta_19"": null, ""delta_2"": null, ""delta_20"": null, ""delta_21"": null, ""delta_3"": null, ""delta_4"": null, ""delta_5"": null, ""delta_6"": null, ""delta_7"": null, ""delta_8"": null, ""delta_9"": null, ""door_leading_lower_asym_delta"": null, ""door_leading_upper_asym_delta"": null, ""door_trailing_lower_asym_delta"": null, ""door_trailing_upper_asym_delta"": null, ""firewall_side_asym_delta"": null, ""front_bumper_left_delta"": null, ""front_bumper_right_delta"": null, ""front_engine_block_delta"": null, ""front_engine_front_delta"": null, ""front_firewall_center_delta"": null, ""front_firewall_left_delta"": null, ""front_firewall_right_delta"": null, ""front_left_right_asym_delta"": null, ""front_left_right_bumper_asymmetry"": null, ""front_structural_delta"": null, ""front_structural_delta_median"": null, ""front_total_length_shortening"": null, ""rear_total_length_shortening"": null, ""total_length_shortening"": null}",,,,,0.0,closingSpeed,0.0,,,,,,,,0.0,0.0,180.0,0.0,0.0,,,0.0,NOT APPLICABLE,NOT APPLICABLE,NOT APPLICABLE,ITV
2917,14453,3469,2,rear,subject_vehicle,X_Exclude,TOYOTA,RAV4,2019,UTILITY VEHICLE,,0,,0.0,,,0.0,,,,,0.0,0.0,,,,,,,,,,,,"{""a_pillar_base_asym_delta"": null, ""delta_1"": null, ""delta_10"": null, ""delta_11"": null, ""delta_12"": null, ""delta_13"": null, ""delta_14"": null, ""delta_15"": null, ""delta_16"": null, ""delta_17"": null, ""delta_18"": null, ""delta_19"": null, ""delta_2"": null, ""delta_20"": null, ""delta_21"": null, ""delta_3"": null, ""delta_4"": null, ""delta_5"": null, ""delta_6"": null, ""delta_7"": null, ""delta_8"": null, ""delta_9"": null, ""door_leading_lower_asym_delta"": null, ""door_leading_upper_asym_delta"": null, ""door_trailing_lower_asym_delta"": null, ""door_trailing_upper_asym_delta"": null, ""firewall_side_asym_delta"": null, ""front_bumper_left_delta"": null, ""front_bumper_right_delta"": null, ""front_engine_block_delta"": null, ""front_engine_front_delta"": null, ""front_firewall_center_delta"": null, ""front_firewall_left_delta"": null, ""front_firewall_right_delta"": null, ""front_left_right_asym_delta"": null, ""front_left_right_bumper_asymmetry"": null, ""front_structural_delta"": null, ""front_structural_delta_median"": null, ""front_total_length_shortening"": null, ""rear_total_length_shortening"": null, ""total_length_shortening"": null}",,,,,0.0,closingSpeed,0.0,,,,,,,,0.0,0.0,180.0,0.0,0.0,0.0,,0.0,NOT APPLICABLE,DIRECT ENGAGEMENT,DIRECT ENGAGEMENT,ITV
