file,column,inferred_dtype,non_null,missing,unique,min,max
deformation_vehicle_features.csv,test_id,int,1944,0,1923,1,3900
deformation_vehicle_features.csv,test_no,int,1944,0,1923,7201,15540
deformation_vehicle_features.csv,vehicle_id,int,1944,0,1944,1,4729
deformation_vehicle_features.csv,source_vehicle_no,int,1944,0,2,1,2
deformation_vehicle_features.csv,impact_family,string,1944,0,4,,
deformation_vehicle_features.csv,vehicle_role,string,1944,0,1,,
deformation_vehicle_features.csv,quality_tier,string,1944,0,5,,
deformation_vehicle_features.csv,MAKE,string,1944,0,45,,
deformation_vehicle_features.csv,MODEL,string,1942,2,363,,
deformation_vehicle_features.csv,YEAR,int,1943,1,27,0,2026
deformation_vehicle_features.csv,BODYD,string,1944,0,19,,
deformation_vehicle_features.csv,VDI,string,1801,143,36,,
deformation_vehicle_features.csv,vdi_usable,int,1944,0,2,0,1
deformation_vehicle_features.csv,PDOF,int,1928,16,7,0,345
deformation_vehicle_features.csv,LENCNT,int,1944,0,528,-600,5250
deformation_vehicle_features.csv,DAMDST,int,1855,89,765,-1428,99999999
deformation_vehicle_features.csv,CRHDST,int,1935,9,550,0,4333
deformation_vehicle_features.csv,DPD1,int,1943,1,518,-339,2075
deformation_vehicle_features.csv,DPD2,int,1935,9,598,-248,1618
deformation_vehicle_features.csv,DPD3,int,1935,9,597,-318,1186
deformation_vehicle_features.csv,DPD4,int,1935,9,582,-268,1195
deformation_vehicle_features.csv,DPD5,int,1935,9,571,-120,1422
deformation_vehicle_features.csv,DPD6,int,1943,1,507,-277,1052
deformation_vehicle_features.csv,C_profile_max_mm,int,1943,1,543,0,2075
deformation_vehicle_features.csv,C_mean_mm,float,1935,9,1388,-142.6,1137.7
deformation_vehicle_features.csv,C_rms_mm,float,1935,9,1702,0,1157.35323044
deformation_vehicle_features.csv,A_crush_2d_mm2,float,1844,100,1631,-270940,2130762.5
deformation_vehicle_features.csv,C_peak_ratio,float,1707,237,1694,-4.59770114943,24.0639269406
deformation_vehicle_features.csv,asymmetry,float,1707,237,1701,-5.075,4.29120879121
deformation_vehicle_features.csv,centroid_norm,float,1704,240,1703,-1.58510028653,1.28712926808
deformation_vehicle_features.csv,L_norm,float,1919,25,1773,-0.121654501217,6.1
deformation_vehicle_features.csv,C_mean_norm,float,1927,17,1705,-0.0811610700057,0.50956284153
deformation_vehicle_features.csv,C_max_norm,float,1927,17,1897,0,0.933031869078
deformation_vehicle_features.csv,A_crush_norm,float,1842,102,1678,-0.0336841487573,0.603847944143
deformation_vehicle_features.csv,D_offset_norm,float,1839,105,1253,-1.428,111358.573497
deformation_vehicle_features.csv,AXBX_delta_summary,string,1944,0,1401,,
deformation_vehicle_features.csv,front_total_length_shortening,int,1785,159,512,-472,4858
deformation_vehicle_features.csv,front_structural_delta_median,float,1785,159,404,-1040,3953
deformation_vehicle_features.csv,front_left_right_bumper_asymmetry,int,1785,159,324,-3737,4504
deformation_vehicle_features.csv,rear_total_length_shortening,int,33,1911,15,0,4373
deformation_vehicle_features.csv,speed_kph,float,1944,0,440,0,90
deformation_vehicle_features.csv,speed_source,string,1944,0,1,,
deformation_vehicle_features.csv,speed_mps,float,1944,0,440,0,25
deformation_vehicle_features.csv,KE_proxy,float,1935,9,1929,0,580857.20321
deformation_vehicle_features.csv,VEHTWT,int,1935,9,1136,0,3957
deformation_vehicle_features.csv,CURBWT,int,1703,241,939,0,9860
deformation_vehicle_features.csv,VEHLEN,int,1935,9,905,0,6810
deformation_vehicle_features.csv,VEHWID,int,1935,9,368,0,2190
deformation_vehicle_features.csv,WHLBAS,int,1935,9,619,0,5969
deformation_vehicle_features.csv,VEHCG,int,1912,32,698,0,3149
deformation_vehicle_features.csv,closingSpeed,float,1944,0,440,0,90
deformation_vehicle_features.csv,vehicleSpeed,float,1944,0,300,0,90
deformation_vehicle_features.csv,impactAngle,int,1944,0,6,0,285
deformation_vehicle_features.csv,offsetDistance,int,1890,54,3,-15,809
deformation_vehicle_features.csv,IMPPNT,int,1851,93,502,-861,1364
deformation_vehicle_features.csv,CRBANG,int,1916,28,4,0,285
deformation_vehicle_features.csv,CARANG,int,1682,262,4,0,99999999
deformation_vehicle_features.csv,VEHOR,int,1629,315,5,0,99999999
deformation_vehicle_features.csv,BMPENGD,string,1944,0,3,,
deformation_vehicle_features.csv,SILENGD,string,1944,0,4,,
deformation_vehicle_features.csv,APLENGD,string,1944,0,4,,
deformation_vehicle_features.csv,testConfigurationKey,string,1944,0,4,,
deformation_profile_points.csv,test_id,int,11612,0,1923,1,3900
deformation_profile_points.csv,test_no,int,11612,0,1923,7201,15540
deformation_profile_points.csv,vehicle_id,int,11612,0,1943,1,4729
deformation_profile_points.csv,impact_family,string,11612,0,4,,
deformation_profile_points.csv,vehicle_role,string,11612,0,1,,
deformation_profile_points.csv,damage_face,string,11612,0,3,,
deformation_profile_points.csv,profile_axis,string,11612,0,2,,
deformation_profile_points.csv,crush_axis,string,11612,0,2,,
deformation_profile_points.csv,point_index,int,11612,0,6,1,6
deformation_profile_points.csv,dpd_value_mm,int,11612,0,831,-339,2075
deformation_profile_points.csv,s_local_mm,float,11058,554,2980,-2625,2625
deformation_profile_points.csv,s_vehicle_mm,float,10692,920,5271,-2625,100000589
deformation_profile_points.csv,s_norm,float,11612,0,24,-0.5,0.5
deformation_profile_points.csv,lencnt_mm,int,11612,0,528,-600,5250
deformation_profile_points.csv,damdst_mm,int,11124,488,765,-1428,99999999
deformation_profile_points.csv,quality_tier,string,11612,0,5,,
deformation_profile_points.csv,source,string,11612,0,1,,
deformation_quality_audit.csv,test_id,int,4705,0,3899,1,3900
deformation_quality_audit.csv,test_no,int,4705,0,3899,7201,15540
deformation_quality_audit.csv,vehicle_id,int,4705,0,4705,1,4729
deformation_quality_audit.csv,source_vehicle_no,int,4705,0,2,1,2
deformation_quality_audit.csv,impact_family,string,4705,0,15,,
deformation_quality_audit.csv,vehicle_role,string,4705,0,2,,
deformation_quality_audit.csv,quality_tier,string,4705,0,5,,
deformation_quality_audit.csv,flag_all_zero_placeholder,int,4705,0,2,0,1
deformation_quality_audit.csv,flag_not_subject_vehicle,int,4705,0,2,0,1
deformation_quality_audit.csv,flag_dpd_all_zero,int,4705,0,2,0,1
deformation_quality_audit.csv,flag_crhdst_missing_or_zero,int,4705,0,2,0,1
deformation_quality_audit.csv,flag_vdi_unusable,int,4705,0,2,0,1
deformation_quality_audit.csv,flag_lencnt_missing,int,4705,0,2,0,1
deformation_quality_audit.csv,flag_damdst_missing,int,4705,0,2,0,1
deformation_quality_audit.csv,flag_lencnt_out_of_range,int,4705,0,2,0,1
deformation_quality_audit.csv,flag_damdst_out_of_range,int,4705,0,2,0,1
deformation_quality_audit.csv,flag_crhdst_lt_dpdmax,int,4705,0,2,0,1
deformation_quality_audit.csv,flag_pdof_family_mismatch,int,4705,0,2,0,1
deformation_quality_audit.csv,flag_side_imppnt_mismatch,int,4705,0,2,0,1
deformation_quality_audit.csv,flag_axbx_all_missing,int,4705,0,2,0,1
deformation_quality_audit.csv,flag_axbx_no_delta,int,4705,0,2,0,1
deformation_quality_audit.csv,flag_rear_low_confidence,int,4705,0,2,0,1
deformation_quality_audit.csv,flag_not_target_family,int,4705,0,2,0,1
deformation_quality_audit.csv,exclusion_reason,string,2792,1913,5,,
deformation_family_summary.csv,impact_family,string,4,0,4,,
deformation_family_summary.csv,total_tests,int,4,0,4,33,674
deformation_family_summary.csv,total_vehicle_rows,int,4,0,4,50,1207
deformation_family_summary.csv,n_subject_rows,int,4,0,4,42,674
deformation_family_summary.csv,subject_vehicle_rows,int,4,0,4,42,674
deformation_family_summary.csv,excluded_impactor_rows,int,4,0,3,0,604
deformation_family_summary.csv,unknown_role_rows,int,4,0,1,0,0
deformation_family_summary.csv,n_profile_valid,int,4,0,4,7,635
deformation_family_summary.csv,profile_valid_rows,int,4,0,4,7,635
deformation_family_summary.csv,profile_partial_rows,int,4,0,4,0,145
deformation_family_summary.csv,n_max_only,int,4,0,3,0,148
deformation_family_summary.csv,max_only_rows,int,4,0,3,0,148
deformation_family_summary.csv,delta_only_rows,int,4,0,2,0,2
deformation_family_summary.csv,n_excluded,int,4,0,4,0,28
deformation_family_summary.csv,excluded_rows,int,4,0,4,0,28
deformation_family_summary.csv,DPD_present_rate,float,4,0,2,0.97619047619,1
deformation_family_summary.csv,DPD_nonzero_rate,float,4,0,4,0.333333333333,0.99703264095
deformation_family_summary.csv,LENCNT_valid_rate,float,4,0,4,0.357142857143,0.993366500829
deformation_family_summary.csv,DAMDST_valid_rate,float,4,0,3,0.785714285714,1
deformation_family_summary.csv,CRHDST_valid_rate,float,4,0,4,0.571428571429,1
deformation_family_summary.csv,VDI_usable_rate,float,4,0,4,0.333333333333,0.991097922849
deformation_family_summary.csv,PDOF_valid_rate,float,4,0,3,0.785714285714,1
deformation_family_summary.csv,AXBX_present_rate,int,4,0,1,1,1
deformation_family_summary.csv,AXBX_nonzero_delta_rate,float,4,0,4,0.357142857143,0.994065281899
deformation_family_summary.csv,CRHDST_n_valid,int,4,0,4,14,670
deformation_family_summary.csv,CRHDST_mean,float,4,0,4,212.041528239,481.964179104
deformation_family_summary.csv,CRHDST_std,float,4,0,4,50.2407839877,195.891351862
deformation_family_summary.csv,CRHDST_min,int,4,0,4,1,102
deformation_family_summary.csv,CRHDST_p05,float,4,0,4,49.45,243.45
deformation_family_summary.csv,CRHDST_p25,float,4,0,4,86,409
deformation_family_summary.csv,CRHDST_p50,int,4,0,4,207,480
deformation_family_summary.csv,CRHDST_p75,float,4,0,4,238,547.75
deformation_family_summary.csv,CRHDST_p95,float,4,0,4,296,666.55
deformation_family_summary.csv,CRHDST_max,int,4,0,4,446,4333
deformation_family_summary.csv,CRHDST_iqr,float,4,0,4,58.75,288.5
deformation_family_summary.csv,C_profile_max_mm_n_valid,int,4,0,4,14,670
deformation_family_summary.csv,C_profile_max_mm_mean,float,4,0,4,203.545955882,463.923880597
deformation_family_summary.csv,C_profile_max_mm_std,float,4,0,4,94.1108712072,172.697028742
deformation_family_summary.csv,C_profile_max_mm_min,int,4,0,4,1,50
deformation_family_summary.csv,C_profile_max_mm_p05,float,4,0,4,48.05,242.45
deformation_family_summary.csv,C_profile_max_mm_p25,float,4,0,4,86,401.25
deformation_family_summary.csv,C_profile_max_mm_p50,int,4,0,4,198,471
deformation_family_summary.csv,C_profile_max_mm_p75,float,4,0,4,229,537
deformation_family_summary.csv,C_profile_max_mm_p95,float,4,0,4,284.1,650
deformation_family_summary.csv,C_profile_max_mm_max,int,4,0,4,527,2075
deformation_family_summary.csv,C_profile_max_mm_iqr,float,4,0,4,59.25,279.75
deformation_family_summary.csv,C_mean_mm_n_valid,int,4,0,4,14,670
deformation_family_summary.csv,C_mean_mm_mean,float,4,0,4,130.245702306,411.645820896
deformation_family_summary.csv,C_mean_mm_std,float,4,0,4,52.8663579855,146.185945116
deformation_family_summary.csv,C_mean_mm_min,float,4,0,4,-142.6,31.5
deformation_family_summary.csv,C_mean_mm_p05,float,4,0,4,17.755,200.365
deformation_family_summary.csv,C_mean_mm_p25,float,4,0,4,43.15,346.775
deformation_family_summary.csv,C_mean_mm_p50,float,4,0,4,120.7,416.45
deformation_family_summary.csv,C_mean_mm_p75,float,4,0,4,149.825,488.025
deformation_family_summary.csv,C_mean_mm_p95,float,4,0,4,201.965,584.56
deformation_family_summary.csv,C_mean_mm_max,float,4,0,4,427.7,1137.7
deformation_family_summary.csv,C_mean_mm_iqr,float,4,0,4,46.875,253.875
deformation_family_summary.csv,C_rms_mm_n_valid,int,4,0,4,14,670
deformation_family_summary.csv,C_rms_mm_mean,float,4,0,4,150.229660596,416.865886259
deformation_family_summary.csv,C_rms_mm_std,float,4,0,4,58.5654219832,144.670809686
deformation_family_summary.csv,C_rms_mm_min,float,4,0,4,0.4472135955,40.3422855079
deformation_family_summary.csv,C_rms_mm_p05,float,4,0,4,26.7274405614,205.603263766
deformation_family_summary.csv,C_rms_mm_p25,float,4,0,4,60.5129878659,353.427111367
deformation_family_summary.csv,C_rms_mm_p50,float,4,0,4,146.165944021,419.670465544
deformation_family_summary.csv,C_rms_mm_p75,float,4,0,4,169.205717942,492.452456533
deformation_family_summary.csv,C_rms_mm_p95,float,4,0,4,217.965481194,587.913937088
deformation_family_summary.csv,C_rms_mm_max,float,4,0,4,436.058367653,1157.35323044
deformation_family_summary.csv,C_rms_mm_iqr,float,4,0,4,46.0364574338,243.061669847
deformation_family_summary.csv,A_crush_2d_mm2_n_valid,int,4,0,4,14,646
deformation_family_summary.csv,A_crush_2d_mm2_mean,float,4,0,4,235104.265823,590280.927554
deformation_family_summary.csv,A_crush_2d_mm2_std,float,4,0,4,127935.832759,221633.600628
deformation_family_summary.csv,A_crush_2d_mm2_min,float,4,0,4,-270940,67050
deformation_family_summary.csv,A_crush_2d_mm2_p05,float,4,0,4,27058.62,255676.55
deformation_family_summary.csv,A_crush_2d_mm2_p25,float,4,0,4,65760.6,477543.75
deformation_family_summary.csv,A_crush_2d_mm2_p50,float,4,0,4,222607.5,573738.6
deformation_family_summary.csv,A_crush_2d_mm2_p75,float,4,0,4,280380.75,689955.9
deformation_family_summary.csv,A_crush_2d_mm2_p95,float,4,0,4,457500.75,933427.05
deformation_family_summary.csv,A_crush_2d_mm2_max,float,4,0,4,651814.8,2130762.5
deformation_family_summary.csv,A_crush_2d_mm2_iqr,float,4,0,4,101300.75,386905.5
deformation_family_summary.csv,C_mean_norm_n_valid,int,4,0,4,14,670
deformation_family_summary.csv,C_mean_norm_mean,float,4,0,4,0.046292662418,0.0848696711784
deformation_family_summary.csv,C_mean_norm_std,float,4,0,4,0.0226225680014,0.0449799944952
deformation_family_summary.csv,C_mean_norm_min,float,4,0,4,-0.0811610700057,0.0161125319693
deformation_family_summary.csv,C_mean_norm_p05,float,4,0,4,0.00360322346939,0.0422835356222
deformation_family_summary.csv,C_mean_norm_p25,float,4,0,4,0.00919181053637,0.0733195122246
deformation_family_summary.csv,C_mean_norm_p50,float,4,0,4,0.0401856090759,0.087279810151
deformation_family_summary.csv,C_mean_norm_p75,float,4,0,4,0.0665293290531,0.099732854125
deformation_family_summary.csv,C_mean_norm_p95,float,4,0,4,0.106950754959,0.127625696663
deformation_family_summary.csv,C_mean_norm_max,float,4,0,4,0.154461942257,0.50956284153
deformation_family_summary.csv,C_mean_norm_iqr,float,4,0,4,0.026301923748,0.0573375185167
deformation_family_summary.csv,C_max_norm_n_valid,int,4,0,4,14,670
deformation_family_summary.csv,C_max_norm_mean,float,4,0,4,0.0618601615406,0.185700276701
deformation_family_summary.csv,C_max_norm_std,float,4,0,4,0.0267281156966,0.0534193132761
deformation_family_summary.csv,C_max_norm_min,float,4,0,4,0.000183250870442,0.0477081384471
deformation_family_summary.csv,C_max_norm_p05,float,4,0,4,0.00962193355932,0.101041666667
deformation_family_summary.csv,C_max_norm_p25,float,4,0,4,0.0165442292879,0.164266666667
deformation_family_summary.csv,C_max_norm_p50,float,4,0,4,0.0533186251166,0.187368421053
deformation_family_summary.csv,C_max_norm_p75,float,4,0,4,0.0857412417737,0.209550561798
deformation_family_summary.csv,C_max_norm_p95,float,4,0,4,0.134249497284,0.257531010041
deformation_family_summary.csv,C_max_norm_max,float,4,0,4,0.193569553806,0.933031869078
deformation_family_summary.csv,C_max_norm_iqr,float,4,0,4,0.0267211206061,0.0691970124858
deformation_family_summary.csv,A_crush_norm_n_valid,int,4,0,4,13,646
deformation_family_summary.csv,A_crush_norm_mean,float,4,0,4,0.0260400509458,0.0656698842765
deformation_family_summary.csv,A_crush_norm_std,float,4,0,4,0.0144802844476,0.0393284924291
deformation_family_summary.csv,A_crush_norm_min,float,4,0,4,-0.0336841487573,0.00685225495907
deformation_family_summary.csv,A_crush_norm_p05,float,4,0,4,0.00292430546247,0.0304122360675
deformation_family_summary.csv,A_crush_norm_p25,float,4,0,4,0.00738799566988,0.0542394526277
deformation_family_summary.csv,A_crush_norm_p50,float,4,0,4,0.0188475270887,0.0657682841929
deformation_family_summary.csv,A_crush_norm_p75,float,4,0,4,0.0314872103521,0.0760702278569
deformation_family_summary.csv,A_crush_norm_p95,float,4,0,4,0.0500027682218,0.100574412297
deformation_family_summary.csv,A_crush_norm_max,float,4,0,4,0.118021363441,0.603847944143
deformation_family_summary.csv,A_crush_norm_iqr,float,4,0,4,0.0113263822735,0.0490147108694
deformation_family_summary.csv,asymmetry_n_valid,int,4,0,4,14,670
deformation_family_summary.csv,asymmetry_mean,float,4,0,4,-0.0102734601586,0.038693703777
deformation_family_summary.csv,asymmetry_std,float,4,0,4,0.10740787813,0.609385952239
deformation_family_summary.csv,asymmetry_min,float,4,0,4,-5.075,-0.612600536193
deformation_family_summary.csv,asymmetry_p05,float,4,0,4,-0.571933657932,-0.0764843331591
deformation_family_summary.csv,asymmetry_p25,float,4,0,4,-0.370610955056,-0.0150895316594
deformation_family_summary.csv,asymmetry_p50,float,4,0,4,-0.2084375,0.00056768948836
deformation_family_summary.csv,asymmetry_p75,float,4,0,4,0.0209213699126,0.468613775065
deformation_family_summary.csv,asymmetry_p95,float,4,0,4,0.0819826257293,0.775152694068
deformation_family_summary.csv,asymmetry_max,float,4,0,4,0.670575692964,4.29120879121
deformation_family_summary.csv,asymmetry_iqr,float,4,0,4,0.036010901572,0.839224730122
deformation_family_summary.csv,centroid_norm_n_valid,int,4,0,4,13,670
deformation_family_summary.csv,centroid_norm_mean,float,4,0,4,-0.000852854734202,0.0301451221624
deformation_family_summary.csv,centroid_norm_std,float,4,0,4,0.0542254015541,0.204766445365
deformation_family_summary.csv,centroid_norm_min,float,4,0,4,-1.58510028653,-0.227146366366
deformation_family_summary.csv,centroid_norm_p05,float,4,0,4,-0.211671701166,-0.0391020638212
deformation_family_summary.csv,centroid_norm_p25,float,4,0,4,-0.0958512976385,-0.00817714865754
deformation_family_summary.csv,centroid_norm_p50,float,4,0,4,-0.0226274457607,0.014590314154
deformation_family_summary.csv,centroid_norm_p75,float,4,0,4,0.0111199767518,0.107734524989
deformation_family_summary.csv,centroid_norm_p95,float,4,0,4,0.0368196201558,0.352416959794
deformation_family_summary.csv,centroid_norm_max,float,4,0,4,0.364540307435,1.28712926808
deformation_family_summary.csv,centroid_norm_iqr,float,4,0,4,0.0192971254094,0.203585822627
deformation_family_summary.csv,L_norm_n_valid,int,4,0,4,13,670
deformation_family_summary.csv,L_norm_mean,float,4,0,4,0.417007961044,0.826311086548
deformation_family_summary.csv,L_norm_std,float,4,0,4,0.026121772793,0.27678014854
deformation_family_summary.csv,L_norm_min,float,4,0,4,-0.121654501217,0.750738916256
deformation_family_summary.csv,L_norm_p05,float,4,0,4,0.196621430249,0.789279523722
deformation_family_summary.csv,L_norm_p25,float,4,0,4,0.249034356577,0.818035426731
deformation_family_summary.csv,L_norm_p50,float,4,0,4,0.474495848161,0.837362637363
deformation_family_summary.csv,L_norm_p75,float,4,0,4,0.534143276079,0.841988950276
deformation_family_summary.csv,L_norm_p95,float,4,0,4,0.633981724803,0.923851905821
deformation_family_summary.csv,L_norm_max,float,4,0,4,0.803341902314,6.1
deformation_family_summary.csv,L_norm_iqr,float,4,0,4,0.0239535235452,0.285108919502
deformation_family_summary.csv,D_offset_norm_n_valid,int,4,0,4,13,590
deformation_family_summary.csv,D_offset_norm_mean,float,4,0,4,-0.0584611203153,188.681934288
deformation_family_summary.csv,D_offset_norm_std,float,4,0,4,0,4584.56245948
deformation_family_summary.csv,D_offset_norm_min,float,4,0,4,-1.428,0
deformation_family_summary.csv,D_offset_norm_p05,float,4,0,4,-0.644640013187,0
deformation_family_summary.csv,D_offset_norm_p25,float,4,0,3,-0.13635568874,0
deformation_family_summary.csv,D_offset_norm_p50,float,4,0,3,-0.0767267400277,0.031941031941
deformation_family_summary.csv,D_offset_norm_p75,float,4,0,3,-0.000572519083969,0.0976602238047
deformation_family_summary.csv,D_offset_norm_p95,float,4,0,4,0,0.187209673001
deformation_family_summary.csv,D_offset_norm_max,float,4,0,4,0,111358.573497
deformation_family_summary.csv,D_offset_norm_iqr,float,4,0,3,0,0.150407476552
deformation_family_summary.csv,C_mean_norm_ab_median,float,4,0,4,0.0401856090759,0.087279810151
deformation_family_summary.csv,C_mean_norm_abc_median,float,4,0,4,0.0401856090759,0.087279810151
deformation_family_summary.csv,C_mean_norm_median,float,4,0,4,0.0401856090759,0.087279810151
deformation_family_summary.csv,C_max_norm_median,float,4,0,4,0.0533186251166,0.187368421053
deformation_family_summary.csv,A_crush_norm_median,float,4,0,4,0.0188475270887,0.0657682841929
deformation_family_summary.csv,quality_comment,string,4,0,2,,
deformation_outlier_cases.csv,test_id,int,2041,0,1229,4,3900
deformation_outlier_cases.csv,test_no,int,2041,0,1229,7204,15540
deformation_outlier_cases.csv,vehicle_id,int,2041,0,1379,4,4729
deformation_outlier_cases.csv,impact_family,string,2041,0,8,,
deformation_outlier_cases.csv,vehicle_role,string,2041,0,2,,
deformation_outlier_cases.csv,quality_tier,string,2041,0,5,,
deformation_outlier_cases.csv,outlier_type,string,2041,0,8,,
deformation_outlier_cases.csv,metric,string,2041,0,8,,
deformation_outlier_cases.csv,value,float,2041,0,197,0.0955754189944,1
deformation_outlier_cases.csv,comparator,float,196,1845,8,0.0876640389541,0.257531010041
deformation_outlier_cases.csv,VDI,string,470,1571,28,,
deformation_outlier_cases.csv,PDOF,int,620,1421,7,0,345
deformation_outlier_cases.csv,CRHDST,int,629,1412,311,0,4333
deformation_outlier_cases.csv,C_profile_max_mm,int,637,1404,281,0,2075
deformation_outlier_cases.csv,reason,string,2041,0,12,,
