category,test_id,test_no,vehicle_id,impact_family,vehicle_role,quality_tier,outlier_type,metric,value,comparator,VDI,PDOF,CRHDST,C_profile_max_mm,reason
high_C_max_norm,8,7340,11,side,subject_vehicle,B_ProfilePartial,high_C_max_norm,C_max_norm,0.30045871559633025,0.2575310100413467,0,0.0,524.0,502.0,high_C_max_norm
high_C_mean_norm,8,7340,11,side,subject_vehicle,B_ProfilePartial,high_C_mean_norm,C_mean_norm,0.1368119266055046,0.12762569666304482,0,0.0,524.0,502.0,high_C_mean_norm
high_C_max_norm,19,7349,26,side,subject_vehicle,C_MaxOnly,high_C_max_norm,C_max_norm,0.29924433249370275,0.2575310100413467,09LPEW2,285.0,594.0,,high_C_max_norm
high_C_max_norm,22,7351,30,side,subject_vehicle,C_MaxOnly,high_C_max_norm,C_max_norm,0.2875816993464052,0.2575310100413467,09LPEW2,285.0,572.0,,high_C_max_norm
high_C_max_norm,23,7352,32,side_impactor,subject_vehicle,A_ProfileValid,high_C_max_norm,C_max_norm,0.15903371917463513,0.15611387289958717,10LPAW3,297.0,316.0,316.0,high_C_max_norm
high_C_max_norm,35,7363,49,side_impactor,subject_vehicle,A_ProfileValid,high_C_max_norm,C_max_norm,0.1719848566792861,0.15611387289958717,03LPAW2,297.0,318.0,324.0,high_C_max_norm
high_C_max_norm,123,7417,146,frontal_barrier,subject_vehicle,A_ProfileValid,high_C_max_norm,C_max_norm,0.13585291113381,0.13424949728416466,12FDEW6,0.0,665.0,489.0,high_C_max_norm
high_C_mean_norm,128,7419,151,frontal_barrier,subject_vehicle,A_ProfileValid,high_C_mean_norm,C_mean_norm,0.1251968503937008,0.11883924757349121,12FDEW6,0.0,533.0,618.0,high_C_mean_norm
high_C_max_norm,221,7463,262,side,subject_vehicle,C_MaxOnly,high_C_max_norm,C_max_norm,0.2730245231607629,0.2575310100413467,09LPEW2,285.0,501.0,,high_C_max_norm
high_C_mean_norm,240,7477,286,side,subject_vehicle,B_ProfilePartial,high_C_mean_norm,C_mean_norm,0.40821309655937854,0.12762569666304482,10LPAN3,0.0,392.0,1422.0,high_C_mean_norm
high_C_max_norm,237,7479,283,side_impactor,subject_vehicle,C_MaxOnly,high_C_max_norm,C_max_norm,0.17541899441340783,0.15611387289958717,03LPAW2,297.0,314.0,,high_C_max_norm
high_C_max_norm,246,7485,294,side,subject_vehicle,C_MaxOnly,high_C_max_norm,C_max_norm,0.2687395891171571,0.2575310100413467,09LPEW2,285.0,484.0,,high_C_max_norm
high_C_max_norm,263,7487,312,side,subject_vehicle,C_MaxOnly,high_C_max_norm,C_max_norm,0.2975708502024291,0.2575310100413467,,345.0,588.0,,high_C_max_norm
high_C_mean_norm,261,7488,310,frontal_barrier,subject_vehicle,A_ProfileValid,high_C_mean_norm,C_mean_norm,0.11898311739301137,0.11883924757349121,12FDEW3,0.0,674.0,666.0,high_C_mean_norm
high_C_max_norm,279,7509,335,frontal_barrier,subject_vehicle,A_ProfileValid,high_C_max_norm,C_max_norm,0.13527851458885942,0.13424949728416466,12FDEW6,0.0,765.0,696.0,high_C_max_norm
high_C_max_norm,281,7512,337,side,subject_vehicle,C_MaxOnly,high_C_max_norm,C_max_norm,0.2619647355163728,0.2575310100413467,,345.0,520.0,,high_C_max_norm
high_C_max_norm,285,7519,343,side_impactor,subject_vehicle,A_ProfileValid,high_C_max_norm,C_max_norm,0.16619876473891074,0.15611387289958717,10LPAW3,297.0,296.0,288.0,high_C_max_norm
high_C_mean_norm,285,7519,343,side_impactor,subject_vehicle,A_ProfileValid,high_C_mean_norm,C_mean_norm,0.10696238068500842,0.10695075495923233,10LPAW3,297.0,296.0,288.0,high_C_mean_norm
high_C_max_norm,339,7589,411,side_impactor,subject_vehicle,C_MaxOnly,high_C_max_norm,C_max_norm,0.15868263473053892,0.15611387289958717,03LPAW2,297.0,318.0,,high_C_max_norm
high_C_max_norm,374,7628,452,frontal_barrier,subject_vehicle,A_ProfileValid,high_C_max_norm,C_max_norm,0.13435448577680525,0.13424949728416466,12FDEW3,0.0,614.0,614.0,high_C_max_norm
high_C_mean_norm,374,7628,452,frontal_barrier,subject_vehicle,A_ProfileValid,high_C_mean_norm,C_mean_norm,0.1235886214442013,0.11883924757349121,12FDEW3,0.0,614.0,614.0,high_C_mean_norm
high_C_max_norm,381,7636,461,side_impactor,subject_vehicle,A_ProfileValid,high_C_max_norm,C_max_norm,0.18890200708382526,0.15611387289958717,10LPAW3,297.0,320.0,317.0,high_C_max_norm
high_C_mean_norm,381,7636,461,side_impactor,subject_vehicle,A_ProfileValid,high_C_mean_norm,C_mean_norm,0.11340023612750885,0.10695075495923233,10LPAW3,297.0,320.0,317.0,high_C_mean_norm
high_C_max_norm,389,7638,470,side,subject_vehicle,C_MaxOnly,high_C_max_norm,C_max_norm,0.29076838032061914,0.2575310100413467,09LPEW2,285.0,526.0,,high_C_max_norm
high_C_max_norm,15,7646,21,side_impactor,subject_vehicle,A_ProfileValid,high_C_max_norm,C_max_norm,0.15612535612535614,0.15611387289958717,09LPEW3,297.0,274.0,260.0,high_C_max_norm
high_C_max_norm,408,7650,492,side_impactor,subject_vehicle,A_ProfileValid,high_C_max_norm,C_max_norm,0.20226377952755906,0.15611387289958717,10LPAW3,297.0,411.0,411.0,high_C_max_norm
high_C_mean_norm,408,7650,492,side_impactor,subject_vehicle,A_ProfileValid,high_C_mean_norm,C_mean_norm,0.128494094488189,0.10695075495923233,10LPAW3,297.0,411.0,411.0,high_C_mean_norm
high_C_max_norm,403,7651,486,side,subject_vehicle,C_MaxOnly,high_C_max_norm,C_max_norm,0.34535573122529645,0.2575310100413467,09LPEW2,285.0,699.0,,high_C_max_norm
high_C_mean_norm,428,7732,515,frontal_barrier,subject_vehicle,A_ProfileValid,high_C_mean_norm,C_mean_norm,0.11910757676165232,0.11883924757349121,12FDEW6,0.0,587.0,587.0,high_C_mean_norm
high_C_max_norm,429,7733,517,side_impactor,subject_vehicle,A_ProfileValid,high_C_max_norm,C_max_norm,0.24531722054380664,0.15611387289958717,10LPAW3,297.0,406.0,389.0,high_C_max_norm
high_C_mean_norm,429,7733,517,side_impactor,subject_vehicle,A_ProfileValid,high_C_mean_norm,C_mean_norm,0.18942598187311177,0.10695075495923233,10LPAW3,297.0,406.0,389.0,high_C_mean_norm
high_C_max_norm,436,7738,526,side_impactor,subject_vehicle,A_ProfileValid,high_C_max_norm,C_max_norm,0.16444444444444445,0.15611387289958717,10LPAW3,297.0,296.0,294.0,high_C_max_norm
high_C_max_norm,444,7745,537,side_impactor,subject_vehicle,A_ProfileValid,high_C_max_norm,C_max_norm,0.196,0.15611387289958717,10LPAW3,297.0,392.0,357.0,high_C_max_norm
high_C_mean_norm,444,7745,537,side_impactor,subject_vehicle,A_ProfileValid,high_C_mean_norm,C_mean_norm,0.12705,0.10695075495923233,10LPAW3,297.0,392.0,357.0,high_C_mean_norm
high_C_max_norm,446,7746,539,side,subject_vehicle,C_MaxOnly,high_C_max_norm,C_max_norm,0.34214463840399,0.2575310100413467,09LPEW2,285.0,686.0,,high_C_max_norm
high_C_max_norm,464,7756,562,side,subject_vehicle,C_MaxOnly,high_C_max_norm,C_max_norm,0.2724795640326976,0.2575310100413467,09LPEW2,285.0,500.0,,high_C_max_norm
high_C_max_norm,534,7863,643,frontal_barrier,subject_vehicle,A_ProfileValid,high_C_max_norm,C_max_norm,0.1361043194784026,0.13424949728416466,12FDEW6,0.0,501.0,441.0,high_C_max_norm
high_C_max_norm,540,7868,650,side_impactor,subject_vehicle,C_MaxOnly,high_C_max_norm,C_max_norm,0.18359621451104102,0.15611387289958717,03LPAW2,297.0,291.0,,high_C_max_norm
high_C_max_norm,554,7875,665,side,subject_vehicle,C_MaxOnly,high_C_max_norm,C_max_norm,0.2651434643995749,0.2575310100413467,09LPEW2,285.0,499.0,,high_C_max_norm
high_C_max_norm,590,7947,707,frontal_barrier,subject_vehicle,A_ProfileValid,high_C_max_norm,C_max_norm,0.13534675615212527,0.13424949728416466,12FDEWX,0.0,605.0,573.0,high_C_max_norm
high_C_mean_norm,590,7947,707,frontal_barrier,subject_vehicle,A_ProfileValid,high_C_mean_norm,C_mean_norm,0.12181208053691275,0.11883924757349121,12FDEWX,0.0,605.0,573.0,high_C_mean_norm
high_C_max_norm,609,7952,727,side,subject_vehicle,C_MaxOnly,high_C_max_norm,C_max_norm,0.26601520086862107,0.2575310100413467,09LPEW2,285.0,490.0,,high_C_max_norm
high_C_max_norm,632,7977,756,frontal_barrier,subject_vehicle,A_ProfileValid,high_C_max_norm,C_max_norm,0.14094650205761317,0.13424949728416466,12FDEWX,0.0,685.0,407.0,high_C_max_norm
high_C_max_norm,643,7987,771,side,subject_vehicle,A_ProfileValid,high_C_max_norm,C_max_norm,0.26843657817109146,0.2575310100413467,10LPAW3,285.0,546.0,481.0,high_C_max_norm
high_C_max_norm,670,8026,802,frontal_barrier,subject_vehicle,A_ProfileValid,high_C_max_norm,C_max_norm,0.17547723935389134,0.13424949728416466,12FDEW3,0.0,1195.0,1195.0,high_C_max_norm
high_C_mean_norm,670,8026,802,frontal_barrier,subject_vehicle,A_ProfileValid,high_C_mean_norm,C_mean_norm,0.1670631424375918,0.11883924757349121,12FDEW3,0.0,1195.0,1195.0,high_C_mean_norm
high_C_max_norm,711,8048,850,frontal_barrier,subject_vehicle,A_ProfileValid,high_C_max_norm,C_max_norm,0.14729299363057324,0.13424949728416466,12FDEW6,0.0,740.0,642.0,high_C_max_norm
high_C_mean_norm,711,8048,850,frontal_barrier,subject_vehicle,A_ProfileValid,high_C_mean_norm,C_mean_norm,0.12229299363057325,0.11883924757349121,12FDEW6,0.0,740.0,642.0,high_C_mean_norm
high_C_mean_norm,717,8054,859,side_impactor,subject_vehicle,A_ProfileValid,high_C_mean_norm,C_mean_norm,0.11837315130830489,0.10695075495923233,10LPAW3,297.0,267.0,267.0,high_C_mean_norm
high_C_max_norm,716,8060,857,side,subject_vehicle,C_MaxOnly,high_C_max_norm,C_max_norm,0.2873367404883589,0.2575310100413467,09LPEW2,285.0,506.0,,high_C_max_norm
high_C_max_norm,729,8065,876,side_impactor,subject_vehicle,A_ProfileValid,high_C_max_norm,C_max_norm,0.17649975210708974,0.15611387289958717,,297.0,356.0,340.0,high_C_max_norm
high_C_max_norm,418,8067,504,side,subject_vehicle,C_MaxOnly,high_C_max_norm,C_max_norm,0.29697570649479427,0.2575310100413467,,345.0,599.0,,high_C_max_norm
high_C_max_norm,756,8074,910,side_impactor,subject_vehicle,A_ProfileValid,high_C_max_norm,C_max_norm,0.18096182449181952,0.15611387289958717,,297.0,365.0,399.0,high_C_max_norm
high_C_mean_norm,756,8074,910,side_impactor,subject_vehicle,A_ProfileValid,high_C_mean_norm,C_mean_norm,0.12751611303916707,0.10695075495923233,,297.0,365.0,399.0,high_C_mean_norm
high_C_max_norm,764,8076,920,side,subject_vehicle,C_MaxOnly,high_C_max_norm,C_max_norm,0.2989588497768964,0.2575310100413467,,345.0,603.0,,high_C_max_norm
high_C_max_norm,771,8081,930,frontal_barrier,subject_vehicle,A_ProfileValid,high_C_max_norm,C_max_norm,0.1348519362186788,0.13424949728416466,12FDEWX,0.0,592.0,592.0,high_C_max_norm
high_C_mean_norm,771,8081,930,frontal_barrier,subject_vehicle,A_ProfileValid,high_C_mean_norm,C_mean_norm,0.12118451025056948,0.11883924757349121,12FDEWX,0.0,592.0,592.0,high_C_mean_norm
high_C_max_norm,946,8213,1132,frontal_barrier,subject_vehicle,A_ProfileValid,high_C_max_norm,C_max_norm,0.14735658042744657,0.13424949728416466,12FDEW6,0.0,655.0,632.0,high_C_max_norm
high_C_mean_norm,946,8213,1132,frontal_barrier,subject_vehicle,A_ProfileValid,high_C_mean_norm,C_mean_norm,0.12971878515185603,0.11883924757349121,12FDEW6,0.0,655.0,632.0,high_C_mean_norm
high_C_mean_norm,1105,8313,1303,frontal_barrier,subject_vehicle,A_ProfileValid,high_C_mean_norm,C_mean_norm,0.12069868995633187,0.11883924757349121,12FDEW3,0.0,585.0,585.0,high_C_mean_norm
high_C_max_norm,1106,8315,1305,side_impactor,subject_vehicle,A_ProfileValid,high_C_max_norm,C_max_norm,0.18,0.15611387289958717,03LPAW2,297.0,360.0,332.0,high_C_max_norm
high_C_mean_norm,1160,8403,1371,side,subject_vehicle,A_ProfileValid,high_C_mean_norm,C_mean_norm,0.14410876132930514,0.12762569666304482,09LPAN3,285.0,412.0,500.0,high_C_mean_norm
high_C_mean_norm,1182,8406,1397,side,subject_vehicle,A_ProfileValid,high_C_mean_norm,C_mean_norm,0.14365079365079367,0.12762569666304482,09LPAN3,285.0,335.0,417.0,high_C_mean_norm
high_C_mean_norm,1188,8408,1406,side,subject_vehicle,A_ProfileValid,high_C_mean_norm,C_mean_norm,0.17028688524590163,0.12762569666304482,09LPAN3,285.0,446.0,531.0,high_C_mean_norm
high_C_max_norm,1191,8410,1410,side,subject_vehicle,A_ProfileValid,high_C_max_norm,C_max_norm,0.2671500278862242,0.2575310100413467,09LPEW2,285.0,479.0,380.0,high_C_max_norm
high_C_max_norm,1197,8441,1419,side_impactor,subject_vehicle,A_ProfileValid,high_C_max_norm,C_max_norm,0.18004459308807136,0.15611387289958717,10LPAW3,297.0,323.0,297.0,high_C_max_norm
high_C_max_norm,1201,8444,1425,side,subject_vehicle,C_MaxOnly,high_C_max_norm,C_max_norm,0.2708215297450425,0.2575310100413467,,345.0,478.0,,high_C_max_norm
high_C_mean_norm,1207,8447,1433,side_impactor,subject_vehicle,A_ProfileValid,high_C_mean_norm,C_mean_norm,0.1072136563876652,0.10695075495923233,03LPAW2,297.0,233.0,270.0,high_C_mean_norm
high_C_mean_norm,1208,8448,1434,side,subject_vehicle,A_ProfileValid,high_C_mean_norm,C_mean_norm,0.15027533039647575,0.12762569666304482,09LPAN3,285.0,373.0,423.0,high_C_mean_norm
high_C_max_norm,1209,8450,1435,side,subject_vehicle,C_MaxOnly,high_C_max_norm,C_max_norm,0.26062322946175637,0.2575310100413467,,345.0,460.0,,high_C_max_norm
high_C_max_norm,1213,8452,1443,side_impactor,subject_vehicle,A_ProfileValid,high_C_max_norm,C_max_norm,0.1775,0.15611387289958717,03LPAW2,297.0,355.0,301.0,high_C_max_norm
high_C_mean_norm,1213,8452,1443,side_impactor,subject_vehicle,A_ProfileValid,high_C_mean_norm,C_mean_norm,0.10959999999999999,0.10695075495923233,03LPAW2,297.0,355.0,301.0,high_C_mean_norm
high_C_max_norm,1214,8453,1444,side,subject_vehicle,A_ProfileValid,high_C_max_norm,C_max_norm,0.2589887640449438,0.2575310100413467,09LPEW2,285.0,461.0,289.0,high_C_max_norm
high_C_mean_norm,1215,8454,1445,side,subject_vehicle,A_ProfileValid,high_C_mean_norm,C_mean_norm,0.20475,0.12762569666304482,09LPAN3,285.0,435.0,611.0,high_C_mean_norm
high_C_mean_norm,1225,8461,1459,side,subject_vehicle,A_ProfileValid,high_C_mean_norm,C_mean_norm,0.13713633770678837,0.12762569666304482,09LPAN3,285.0,344.0,414.0,high_C_mean_norm
high_C_mean_norm,1236,8469,1475,side,subject_vehicle,A_ProfileValid,high_C_mean_norm,C_mean_norm,0.1812563840653728,0.12762569666304482,09LPAN3,285.0,460.0,565.0,high_C_mean_norm
high_C_max_norm,1239,8472,1479,side_impactor,subject_vehicle,A_ProfileValid,high_C_max_norm,C_max_norm,0.16930693069306932,0.15611387289958717,03LPAW2,297.0,342.0,169.0,high_C_max_norm
high_C_mean_norm,1240,8479,1480,side,subject_vehicle,A_ProfileValid,high_C_mean_norm,C_mean_norm,0.2003960396039604,0.12762569666304482,09LPAN3,285.0,473.0,656.0,high_C_mean_norm
high_C_max_norm,1272,8515,1527,frontal_barrier,subject_vehicle,A_ProfileValid,high_C_max_norm,C_max_norm,0.13961840628507294,0.13424949728416466,12FDEWX,0.0,622.0,622.0,high_C_max_norm
high_C_mean_norm,1274,8524,1529,side,subject_vehicle,A_ProfileValid,high_C_mean_norm,C_mean_norm,0.15958244111349038,0.12762569666304482,09LPAN3,285.0,417.0,466.0,high_C_mean_norm
high_C_mean_norm,1285,8526,1546,frontal_barrier,subject_vehicle,A_ProfileValid,high_C_mean_norm,C_mean_norm,0.12115549828178694,0.11883924757349121,12FDEW6,0.0,613.0,589.0,high_C_mean_norm
high_C_mean_norm,1289,8534,1551,side,subject_vehicle,A_ProfileValid,high_C_mean_norm,C_mean_norm,0.1460970464135021,0.12762569666304482,09LPAN3,285.0,394.0,446.0,high_C_mean_norm
high_C_max_norm,1218,8552,1449,rear,subject_vehicle,A_ProfileValid,high_C_max_norm,C_max_norm,0.19356955380577429,0.14429682986554052,06BDEW3,180.0,295.0,295.0,high_C_max_norm
high_C_mean_norm,1218,8552,1449,rear,subject_vehicle,A_ProfileValid,high_C_mean_norm,C_mean_norm,0.15446194225721782,0.11618570213639492,06BDEW3,180.0,295.0,295.0,high_C_mean_norm
high_C_mean_norm,1327,8558,1594,side,subject_vehicle,A_ProfileValid,high_C_mean_norm,C_mean_norm,0.14321175278622086,0.12762569666304482,09LPAN3,285.0,379.0,466.0,high_C_mean_norm
high_C_mean_norm,1330,8568,1598,side,subject_vehicle,A_ProfileValid,high_C_mean_norm,C_mean_norm,0.1375207526286663,0.12762569666304482,09LPAN3,285.0,327.0,405.0,high_C_mean_norm
high_C_mean_norm,1335,8590,1604,frontal_barrier,subject_vehicle,A_ProfileValid,high_C_mean_norm,C_mean_norm,0.12029871011541073,0.11883924757349121,12FDEW3,0.0,549.0,549.0,high_C_mean_norm
high_C_max_norm,1376,8648,1647,side,subject_vehicle,A_ProfileValid,high_C_max_norm,C_max_norm,0.2708902239213545,0.2575310100413467,09LPEW2,285.0,496.0,336.0,high_C_max_norm
high_C_mean_norm,1416,8665,1689,side,subject_vehicle,A_ProfileValid,high_C_mean_norm,C_mean_norm,0.13611422172452406,0.12762569666304482,09LPAN3,285.0,427.0,433.0,high_C_mean_norm
high_C_mean_norm,1417,8666,1691,side_impactor,subject_vehicle,A_ProfileValid,high_C_mean_norm,C_mean_norm,0.11842105263157894,0.10695075495923233,03LPAW2,297.0,269.0,265.0,high_C_mean_norm
high_C_max_norm,1420,8748,1694,frontal_barrier,subject_vehicle,A_ProfileValid,high_C_max_norm,C_max_norm,0.1630198763988642,0.13424949728416466,12FDEW6,0.0,976.0,675.0,high_C_max_norm
high_C_max_norm,1435,8780,1712,side,subject_vehicle,A_ProfileValid,high_C_max_norm,C_max_norm,0.26578249336870025,0.2575310100413467,09LPEW2,285.0,501.0,354.0,high_C_max_norm
high_C_mean_norm,1507,8985,1805,side,subject_vehicle,A_ProfileValid,high_C_mean_norm,C_mean_norm,0.13327991452991453,0.12762569666304482,09LPAN3,285.0,349.0,409.0,high_C_mean_norm
high_C_max_norm,1516,8991,1820,side_impactor,subject_vehicle,A_ProfileValid,high_C_max_norm,C_max_norm,0.17412935323383086,0.15611387289958717,10LPAW3,297.0,315.0,315.0,high_C_max_norm
high_C_mean_norm,1516,8991,1820,side_impactor,subject_vehicle,A_ProfileValid,high_C_mean_norm,C_mean_norm,0.11232725262576009,0.10695075495923233,10LPAW3,297.0,315.0,315.0,high_C_mean_norm
high_C_max_norm,1523,8992,1828,side_impactor,subject_vehicle,A_ProfileValid,high_C_max_norm,C_max_norm,0.16925638179800223,0.15611387289958717,10LPAW3,297.0,305.0,305.0,high_C_max_norm
high_C_mean_norm,1523,8992,1828,side_impactor,subject_vehicle,A_ProfileValid,high_C_mean_norm,C_mean_norm,0.1251387347391787,0.10695075495923233,10LPAW3,297.0,305.0,305.0,high_C_mean_norm
high_C_max_norm,1529,8994,1835,side,subject_vehicle,A_ProfileValid,high_C_max_norm,C_max_norm,0.2868260144524736,0.2575310100413467,09LPEW2,285.0,516.0,376.0,high_C_max_norm
high_C_max_norm,1534,8996,1840,side,subject_vehicle,A_ProfileValid,high_C_max_norm,C_max_norm,0.2634200332042059,0.2575310100413467,09LPEW2,285.0,476.0,355.0,high_C_max_norm
high_C_mean_norm,1582,9032,1898,side_impactor,subject_vehicle,A_ProfileValid,high_C_mean_norm,C_mean_norm,0.11907654921020656,0.10695075495923233,03LPAW2,297.0,250.0,246.0,high_C_mean_norm
high_C_mean_norm,1601,9053,1921,side,subject_vehicle,A_ProfileValid,high_C_mean_norm,C_mean_norm,0.13694068678459936,0.12762569666304482,09LPAN3,285.0,456.0,420.0,high_C_mean_norm
high_C_mean_norm,1602,9054,1923,side_impactor,subject_vehicle,A_ProfileValid,high_C_mean_norm,C_mean_norm,0.11394380853277836,0.10695075495923233,03LPAW2,297.0,274.0,267.0,high_C_mean_norm
high_C_mean_norm,1705,9294,2047,side_impactor,subject_vehicle,A_ProfileValid,high_C_mean_norm,C_mean_norm,0.11029094827586207,0.10695075495923233,10LPEW2,297.0,265.0,268.0,high_C_mean_norm
high_C_max_norm,1775,9469,2132,side,subject_vehicle,A_ProfileValid,high_C_max_norm,C_max_norm,0.29777777777777775,0.2575310100413467,10LPAN3,285.0,603.0,477.0,high_C_max_norm
high_C_mean_norm,1775,9469,2132,side,subject_vehicle,A_ProfileValid,high_C_mean_norm,C_mean_norm,0.13056790123456788,0.12762569666304482,10LPAN3,285.0,603.0,477.0,high_C_mean_norm
high_C_mean_norm,1768,9471,2123,side_impactor,subject_vehicle,A_ProfileValid,high_C_mean_norm,C_mean_norm,0.5095628415300546,0.10695075495923233,10LPEW2,297.0,186.0,2075.0,high_C_mean_norm
high_C_max_norm,1780,9473,2138,side,subject_vehicle,A_ProfileValid,high_C_max_norm,C_max_norm,0.3361220472440945,0.2575310100413467,10LPAN3,285.0,683.0,571.0,high_C_max_norm
high_C_mean_norm,1780,9473,2138,side,subject_vehicle,A_ProfileValid,high_C_mean_norm,C_mean_norm,0.14015748031496064,0.12762569666304482,10LPAN3,285.0,683.0,571.0,high_C_mean_norm
high_C_max_norm,1830,9504,2202,side_impactor,subject_vehicle,A_ProfileValid,high_C_max_norm,C_max_norm,0.23535620052770448,0.15611387289958717,10LPEW2,297.0,446.0,446.0,high_C_max_norm
high_C_mean_norm,1830,9504,2202,side_impactor,subject_vehicle,A_ProfileValid,high_C_mean_norm,C_mean_norm,0.1920844327176781,0.10695075495923233,10LPEW2,297.0,446.0,446.0,high_C_mean_norm
high_C_max_norm,1844,9510,2219,side_impactor,subject_vehicle,A_ProfileValid,high_C_max_norm,C_max_norm,0.15959952885747938,0.15611387289958717,10LPAW3,297.0,271.0,251.0,high_C_max_norm
high_C_max_norm,1874,9515,2250,side,subject_vehicle,A_ProfileValid,high_C_max_norm,C_max_norm,0.2668639053254438,0.2575310100413467,09LPEW2,285.0,451.0,436.0,high_C_max_norm
high_C_max_norm,2007,9595,2404,side_impactor,subject_vehicle,A_ProfileValid,high_C_max_norm,C_max_norm,0.17965023847376788,0.15611387289958717,09LPEW2,270.0,339.0,303.0,high_C_max_norm
high_C_max_norm,2029,9787,2435,side_impactor,subject_vehicle,A_ProfileValid,high_C_max_norm,C_max_norm,0.20053908355795147,0.15611387289958717,,297.0,372.0,232.0,high_C_max_norm
high_C_max_norm,2179,9969,2618,frontal_barrier,subject_vehicle,A_ProfileValid,high_C_max_norm,C_max_norm,0.1430666108085463,0.13424949728416466,12FDEW2,0.0,683.0,580.0,high_C_max_norm
high_C_max_norm,2236,9984,2682,frontal_barrier,subject_vehicle,A_ProfileValid,high_C_max_norm,C_max_norm,0.15870967741935485,0.13424949728416466,12FDEW2,0.0,738.0,686.0,high_C_max_norm
high_C_mean_norm,2236,9984,2682,frontal_barrier,subject_vehicle,A_ProfileValid,high_C_mean_norm,C_mean_norm,0.1269032258064516,0.11883924757349121,12FDEW2,0.0,738.0,686.0,high_C_mean_norm
high_C_max_norm,2245,9990,2693,side_impactor,subject_vehicle,A_ProfileValid,high_C_max_norm,C_max_norm,0.16693591814754982,0.15611387289958717,09LPEW3,297.0,310.0,329.0,high_C_max_norm
high_C_mean_norm,2245,9990,2693,side_impactor,subject_vehicle,A_ProfileValid,high_C_mean_norm,C_mean_norm,0.11443187937533657,0.10695075495923233,09LPEW3,297.0,310.0,329.0,high_C_mean_norm
high_C_max_norm,2261,10001,2713,frontal_barrier,subject_vehicle,A_ProfileValid,high_C_max_norm,C_max_norm,0.1361003861003861,0.13424949728416466,12FDEW2,0.0,705.0,692.0,high_C_max_norm
high_C_mean_norm,2261,10001,2713,frontal_barrier,subject_vehicle,A_ProfileValid,high_C_mean_norm,C_mean_norm,0.12575289575289578,0.11883924757349121,12FDEW2,0.0,705.0,692.0,high_C_mean_norm
high_C_max_norm,2609,10312,3102,frontal_barrier,subject_vehicle,A_ProfileValid,high_C_max_norm,C_max_norm,0.15415094339622643,0.13424949728416466,12FDEW3,0.0,817.0,817.0,high_C_max_norm
high_C_mean_norm,2609,10312,3102,frontal_barrier,subject_vehicle,A_ProfileValid,high_C_mean_norm,C_mean_norm,0.14298113207547172,0.11883924757349121,12FDEW3,0.0,817.0,817.0,high_C_mean_norm
high_C_mean_norm,2621,10319,3117,side_impactor,subject_vehicle,A_ProfileValid,high_C_mean_norm,C_mean_norm,0.10839779005524862,0.10695075495923233,10LPEW2,297.0,269.0,269.0,high_C_mean_norm
high_C_max_norm,2629,10343,3128,frontal_barrier,subject_vehicle,A_ProfileValid,high_C_max_norm,C_max_norm,0.138318863456985,0.13424949728416466,12FDEW2,0.0,701.0,612.0,high_C_max_norm
high_C_mean_norm,2727,10553,3237,side_impactor,subject_vehicle,A_ProfileValid,high_C_mean_norm,C_mean_norm,0.10902743142144639,0.10695075495923233,10LPEW2,297.0,247.0,247.0,high_C_mean_norm
high_C_max_norm,2730,10558,3240,side,subject_vehicle,A_ProfileValid,high_C_max_norm,C_max_norm,0.26166832174776566,0.2575310100413467,10LPAS4,285.0,527.0,112.0,high_C_max_norm
high_C_max_norm,2733,10559,3244,side_impactor,subject_vehicle,A_ProfileValid,high_C_max_norm,C_max_norm,0.16832174776564052,0.15611387289958717,10LPAS3,297.0,339.0,311.0,high_C_max_norm
high_C_max_norm,2741,10566,3254,side_impactor,subject_vehicle,A_ProfileValid,high_C_max_norm,C_max_norm,0.16534988713318285,0.15611387289958717,10LPAS3,297.0,293.0,259.0,high_C_max_norm
high_C_mean_norm,2752,10568,3265,side,subject_vehicle,A_ProfileValid,high_C_mean_norm,C_mean_norm,0.13143603133159268,0.12762569666304482,09LPAN3,285.0,401.0,401.0,high_C_mean_norm
high_C_max_norm,2746,10569,3259,side,subject_vehicle,A_ProfileValid,high_C_max_norm,C_max_norm,0.268690275435638,0.2575310100413467,10LPAS4,285.0,478.0,322.0,high_C_max_norm
high_C_max_norm,2795,10638,3312,frontal_barrier,subject_vehicle,A_ProfileValid,high_C_max_norm,C_max_norm,0.13591609589041095,0.13424949728416466,12FDEW2,0.0,635.0,635.0,high_C_max_norm
high_C_mean_norm,2795,10638,3312,frontal_barrier,subject_vehicle,A_ProfileValid,high_C_mean_norm,C_mean_norm,0.13129280821917808,0.11883924757349121,12FDEW2,0.0,635.0,635.0,high_C_mean_norm
high_C_mean_norm,2826,10674,3354,side_impactor,subject_vehicle,A_ProfileValid,high_C_mean_norm,C_mean_norm,0.10945169712793733,0.10695075495923233,10LPEW2,297.0,272.0,272.0,high_C_mean_norm
high_C_mean_norm,2839,10690,3370,frontal_barrier,subject_vehicle,A_ProfileValid,high_C_mean_norm,C_mean_norm,0.12275449101796407,0.11883924757349121,12FDEW2,0.0,652.0,651.0,high_C_mean_norm
high_C_mean_norm,2876,10736,3417,side_impactor,subject_vehicle,A_ProfileValid,high_C_mean_norm,C_mean_norm,0.12092376182526433,0.10695075495923233,10LPEW2,297.0,248.0,248.0,high_C_mean_norm
high_C_mean_norm,2886,10771,3431,side_impactor,subject_vehicle,A_ProfileValid,high_C_mean_norm,C_mean_norm,0.11788185204896222,0.10695075495923233,10LPEW2,297.0,273.0,273.0,high_C_mean_norm
high_C_mean_norm,2980,10964,3551,side_impactor,subject_vehicle,A_ProfileValid,high_C_mean_norm,C_mean_norm,0.10925228617536312,0.10695075495923233,10LPEW2,297.0,277.0,273.0,high_C_mean_norm
high_C_max_norm,3118,11130,3714,side_impactor,subject_vehicle,A_ProfileValid,high_C_max_norm,C_max_norm,0.18181818181818182,0.15611387289958717,10LPEW2,297.0,364.0,234.0,high_C_max_norm
high_C_max_norm,3160,11266,3761,side,subject_vehicle,A_ProfileValid,high_C_max_norm,C_max_norm,0.2721393034825871,0.2575310100413467,10LPAN3,285.0,547.0,546.0,high_C_max_norm
high_C_mean_norm,3267,11386,3892,side_impactor,subject_vehicle,A_ProfileValid,high_C_mean_norm,C_mean_norm,0.10752808988764045,0.10695075495923233,10LPEW2,297.0,251.0,251.0,high_C_mean_norm
high_C_max_norm,3278,11396,3906,frontal_barrier,subject_vehicle,A_ProfileValid,high_C_max_norm,C_max_norm,0.14892198266281395,0.13424949728416466,12FDEW2,0.0,670.0,670.0,high_C_max_norm
high_C_mean_norm,3278,11396,3906,frontal_barrier,subject_vehicle,A_ProfileValid,high_C_mean_norm,C_mean_norm,0.1386308068459658,0.11883924757349121,12FDEW2,0.0,670.0,670.0,high_C_mean_norm
high_C_max_norm,3297,11573,3933,side_impactor,subject_vehicle,A_ProfileValid,high_C_max_norm,C_max_norm,0.1751740139211137,0.15611387289958717,10LPEW2,297.0,302.0,285.0,high_C_max_norm
high_C_mean_norm,3297,11573,3933,side_impactor,subject_vehicle,A_ProfileValid,high_C_mean_norm,C_mean_norm,0.1348027842227378,0.10695075495923233,10LPEW2,297.0,302.0,285.0,high_C_mean_norm
high_C_max_norm,3323,11591,3966,frontal_barrier,subject_vehicle,A_ProfileValid,high_C_max_norm,C_max_norm,0.13440387153541575,0.13424949728416466,12FDEW3,0.0,611.0,611.0,high_C_max_norm
high_C_max_norm,3347,11660,3994,frontal_barrier,subject_vehicle,A_ProfileValid,high_C_max_norm,C_max_norm,0.1410172451429819,0.13424949728416466,12FDEW3,0.0,646.0,646.0,high_C_max_norm
high_C_mean_norm,3347,11660,3994,frontal_barrier,subject_vehicle,A_ProfileValid,high_C_mean_norm,C_mean_norm,0.1298624754420432,0.11883924757349121,12FDEW3,0.0,646.0,646.0,high_C_mean_norm
high_C_max_norm,3362,11664,4010,frontal_barrier,subject_vehicle,A_ProfileValid,high_C_max_norm,C_max_norm,0.13725896744764668,0.13424949728416466,12FDEW4,0.0,662.0,662.0,high_C_max_norm
high_C_mean_norm,3362,11664,4010,frontal_barrier,subject_vehicle,A_ProfileValid,high_C_mean_norm,C_mean_norm,0.13093510263321584,0.11883924757349121,12FDEW4,0.0,662.0,662.0,high_C_mean_norm
high_C_max_norm,3381,14051,4031,frontal_barrier,subject_vehicle,A_ProfileValid,high_C_max_norm,C_max_norm,0.14867337602927722,0.13424949728416466,12FDEW4,0.0,650.0,484.0,high_C_max_norm
high_C_max_norm,3399,14060,4054,side_impactor,subject_vehicle,A_ProfileValid,high_C_max_norm,C_max_norm,0.17694805194805194,0.15611387289958717,10LPEW2,297.0,327.0,323.0,high_C_max_norm
high_C_mean_norm,3399,14060,4054,side_impactor,subject_vehicle,A_ProfileValid,high_C_mean_norm,C_mean_norm,0.13398268398268398,0.10695075495923233,10LPEW2,297.0,327.0,323.0,high_C_mean_norm
high_C_mean_norm,3386,14072,4039,side_impactor,subject_vehicle,A_ProfileValid,high_C_mean_norm,C_mean_norm,0.11289274106175515,0.10695075495923233,10LPEW2,297.0,283.0,258.0,high_C_mean_norm
high_C_max_norm,3423,14075,4080,frontal_barrier,subject_vehicle,A_ProfileValid,high_C_max_norm,C_max_norm,0.13777191825972313,0.13424949728416466,12FDEW3,0.0,627.0,372.0,high_C_max_norm
high_C_mean_norm,3449,14214,4112,frontal_barrier,subject_vehicle,A_ProfileValid,high_C_mean_norm,C_mean_norm,0.12267416702726093,0.11883924757349121,12FDEW1,0.0,476.0,610.0,high_C_mean_norm
high_C_max_norm,3483,14257,4157,frontal_barrier,subject_vehicle,A_ProfileValid,high_C_max_norm,C_max_norm,0.13752808988764045,0.13424949728416466,12FDEW3,0.0,612.0,379.0,high_C_max_norm
high_C_max_norm,3472,14259,4143,side_impactor,subject_vehicle,A_ProfileValid,high_C_max_norm,C_max_norm,0.162,0.15611387289958717,09LPEW2,270.0,324.0,324.0,high_C_max_norm
high_C_max_norm,3520,14294,4207,frontal_barrier,subject_vehicle,A_ProfileValid,high_C_max_norm,C_max_norm,0.159679037111334,0.13424949728416466,12FDEW3,0.0,796.0,796.0,high_C_max_norm
high_C_mean_norm,3520,14294,4207,frontal_barrier,subject_vehicle,A_ProfileValid,high_C_mean_norm,C_mean_norm,0.14296890672016047,0.11883924757349121,12FDEW3,0.0,796.0,796.0,high_C_mean_norm
high_C_max_norm,3530,14316,4219,frontal_barrier,subject_vehicle,A_ProfileValid,high_C_max_norm,C_max_norm,0.14072735486785634,0.13424949728416466,12FDEW4,0.0,623.0,603.0,high_C_max_norm
high_C_mean_norm,3530,14316,4219,frontal_barrier,subject_vehicle,A_ProfileValid,high_C_mean_norm,C_mean_norm,0.12812288231307883,0.11883924757349121,12FDEW4,0.0,623.0,603.0,high_C_mean_norm
high_C_mean_norm,3548,14362,4246,frontal_barrier,subject_vehicle,A_ProfileValid,high_C_mean_norm,C_mean_norm,0.12098203592814372,0.11883924757349121,12FDEW2,0.0,545.0,540.0,high_C_mean_norm
high_C_mean_norm,3551,14381,4250,frontal_barrier,subject_vehicle,A_ProfileValid,high_C_mean_norm,C_mean_norm,0.12943323314727354,0.11883924757349121,12FDEW3,0.0,487.0,656.0,high_C_mean_norm
high_C_max_norm,3557,14385,4259,frontal_barrier,subject_vehicle,A_ProfileValid,high_C_max_norm,C_max_norm,0.9330318690783808,0.13424949728416466,12FDEW3,0.0,4333.0,433.0,high_C_max_norm
high_C_mean_norm,3584,14396,4294,frontal_barrier,subject_vehicle,A_ProfileValid,high_C_mean_norm,C_mean_norm,0.12148817802503478,0.11883924757349121,12FDEW2,0.0,569.0,558.0,high_C_mean_norm
high_C_max_norm,3572,14425,4279,frontal_barrier,subject_vehicle,A_ProfileValid,high_C_max_norm,C_max_norm,0.14279885760913913,0.13424949728416466,12FDEW4,0.0,700.0,700.0,high_C_max_norm
high_C_mean_norm,3572,14425,4279,frontal_barrier,subject_vehicle,A_ProfileValid,high_C_mean_norm,C_mean_norm,0.1291309669522644,0.11883924757349121,12FDEW4,0.0,700.0,700.0,high_C_mean_norm
high_C_mean_norm,3586,14439,4296,frontal_barrier,subject_vehicle,A_ProfileValid,high_C_mean_norm,C_mean_norm,0.12288642186165671,0.11883924757349121,12FDEW3,0.0,611.0,611.0,high_C_mean_norm
high_C_max_norm,3803,15305,4574,frontal_barrier,subject_vehicle,A_ProfileValid,high_C_max_norm,C_max_norm,0.13665663944993553,0.13424949728416466,12FDEW3,0.0,636.0,636.0,high_C_max_norm
high_C_mean_norm,3803,15305,4574,frontal_barrier,subject_vehicle,A_ProfileValid,high_C_mean_norm,C_mean_norm,0.1321658788139235,0.11883924757349121,12FDEW3,0.0,636.0,636.0,high_C_mean_norm
high_C_mean_norm,3820,15323,4597,side,subject_vehicle,A_ProfileValid,high_C_mean_norm,C_mean_norm,0.1390791690061763,0.12762569666304482,09LPAN3,285.0,320.0,320.0,high_C_mean_norm
high_C_mean_norm,3836,15341,4620,side,subject_vehicle,A_ProfileValid,high_C_mean_norm,C_mean_norm,0.1284679089026915,0.12762569666304482,09LPAN3,285.0,440.0,420.0,high_C_mean_norm
high_C_max_norm,3764,15453,4521,frontal_barrier,subject_vehicle,B_ProfilePartial,high_C_max_norm,C_max_norm,0.15278884462151393,0.13424949728416466,12FDEW3,,767.0,767.0,high_C_max_norm
high_C_mean_norm,3764,15453,4521,frontal_barrier,subject_vehicle,B_ProfilePartial,high_C_mean_norm,C_mean_norm,0.13205179282868526,0.11883924757349121,12FDEW3,,767.0,767.0,high_C_mean_norm
high_C_mean_norm,3883,15474,4681,side,subject_vehicle,B_ProfilePartial,high_C_mean_norm,C_mean_norm,0.15711135611907387,0.12762569666304482,09LPAN3,285.0,354.0,350.0,high_C_mean_norm
high_C_max_norm,3462,15483,4129,frontal_barrier,subject_vehicle,B_ProfilePartial,high_C_max_norm,C_max_norm,0.1413734633319203,0.13424949728416466,12FDEW2,0.0,667.0,667.0,high_C_max_norm
high_C_mean_norm,3462,15483,4129,frontal_barrier,subject_vehicle,B_ProfilePartial,high_C_mean_norm,C_mean_norm,0.13028825773632893,0.11883924757349121,12FDEW2,0.0,667.0,667.0,high_C_mean_norm
high_C_max_norm,3599,15487,4314,frontal_barrier,subject_vehicle,B_ProfilePartial,high_C_max_norm,C_max_norm,0.13716814159292035,0.13424949728416466,12FDEW2,0.0,620.0,620.0,high_C_max_norm
high_C_mean_norm,3599,15487,4314,frontal_barrier,subject_vehicle,B_ProfilePartial,high_C_mean_norm,C_mean_norm,0.12944690265486727,0.11883924757349121,12FDEW2,0.0,620.0,620.0,high_C_mean_norm
high_C_mean_norm,3575,15490,4283,frontal_barrier,subject_vehicle,B_ProfilePartial,high_C_mean_norm,C_mean_norm,0.12370762711864407,0.11883924757349121,12FDEW2,0.0,620.0,620.0,high_C_mean_norm
high_C_max_norm,3767,15500,4526,frontal_barrier,subject_vehicle,B_ProfilePartial,high_C_max_norm,C_max_norm,0.1445916114790287,0.13424949728416466,12FDEW3,0.0,655.0,655.0,high_C_max_norm
high_C_mean_norm,3767,15500,4526,frontal_barrier,subject_vehicle,B_ProfilePartial,high_C_mean_norm,C_mean_norm,0.13037527593818984,0.11883924757349121,12FDEW3,0.0,655.0,655.0,high_C_mean_norm
high_C_mean_norm,3900,15540,4729,side,subject_vehicle,A_ProfileValid,high_C_mean_norm,C_mean_norm,0.15271009448035805,0.12762569666304482,09LPAN3,285.0,399.0,399.0,high_C_mean_norm
